index,target,qid,2,3,4,5,6,7,8,9,10,11,12,13,14,15,16,17,18,19,20,21,22,23,24,25,26,27,28,29,30,31,32,33,34,35,36,37,38,39,40,41,42,43,44,45,46,47,48,49,50,51,52,53,54,55,56,57,58,59,60
0.260,0.809,0,0.367,0.367,0.100,0.100,0.100,0.100,0.500,0.100,0.100,0.260,0.100,0.100,0.100,0.100,0.100,0.100,0.100,0.100,0.100,0.900,0.633,0.100,0.100,0.100,0.100,0.900,0.900,0.633,0.900,0.300,0.100,0.100,0.100,0.100,0.100,0.100,0.100,0.100,0.100,0.100,0.100,0.000,0.000,0.100,0.100,0.100,0.100,0.100,0.100,0.100,0.100,0.100,0.100,0.100,0.100,0.100,0.100,0.100,0.100
0.260,0.602,0,0.500,0.500,0.100,0.367,0.100,0.100,0.500,0.100,0.500,0.100,0.100,0.100,0.100,0.100,0.100,0.100,0.100,0.100,0.100,0.100,0.100,0.100,0.100,0.100,0.100,0.100,0.100,0.100,0.100,0.100,0.100,0.100,0.100,0.100,0.100,0.100,0.100,0.100,0.100,0.100,0.100,0.000,0.000,0.100,0.100,0.100,0.100,0.100,0.100,0.100,0.100,0.100,0.100,0.100,0.100,0.100,0.100,0.100,0.100,0
0.260,0.442,0,0.100,0.100,0.100,0.100,0.100,0.100,0.100,0.100,0.100,0.100,0.100,0.100,0.100,0.100,0.100,0.100,0.100,0.100,0.100,0.100,0.100,0.100,0.100,0.100,0.100,0.100,0.100,0.100,0.100,0.500,0.800,0.214,0.500,0.633,0.500,0.100,0.500,0.367,0.900,0.300,0.100,0.000,0.000,0.100,0.100,0.100,0.100,0.100,0.100,0.900,0.500,0.100,0.100,0.100,0.100,0.900,0.900,0.633,0.633,0
0.260,0.718,0,0.100,0.100,0.100,0.100,0.100,0.100,0.100,0.100,0.100,0.100,0.100,0.100,0.100,0.100,0.100,0.100,0.100,0.100,0.100,0.100,0.100,0.100,0.100,0.100,0.100,0.100,0.100,0.100,0.100,0.500,0.500,0.443,0.500,0.367,0.500,0.100,0.500,0.367,0.300,0.300,0.100,0.000,0.000,0.100,0.100,0.100,0.100,0.100,0.100,0.900,0.500,0.100,0.100,0.100,0.100,0.900,0.900,0.633,0.633,0
0.260,0.697,0,0.100,0.100,0.100,0.100,0.100,0.100,0.100,0.100,0.100,0.100,0.100,0.100,0.100,0.100,0.100,0.100,0.100,0.100,0.100,0.100,0.100,0.100,0.100,0.100,0.100,0.100,0.100,0.100,0.100,0.500,0.500,0.329,0.100,0.367,0.900,0.100,0.500,0.367,0.500,0.300,0.100,0.000,0.000,0.100,0.100,0.100,0.100,0.100,0.100,0.300,0.100,0.100,0.100,0.100,0.100,0.100,0.100,0.100,0.100,0
0.580,0.757,0,0.233,0.100,0.100,0.100,0.500,0.100,0.500,0.900,0.100,0.100,0.100,0.100,0.100,0.100,0.100,0.100,0.100,0.100,0.100,0.100,0.100,0.100,0.100,0.100,0.100,0.100,0.100,0.100,0.100,0.500,0.300,0.329,0.100,0.367,0.100,0.100,0.500,0.100,0.100,0.700,0.900,0.000,0.000,0.900,0.100,0.500,0.500,0.100,0.900,0.300,0.100,0.100,0.100,0.100,0.100,0.100,0.100,0.100,0.100,0
0.580,0.900,0,0.233,0.100,0.100,0.100,0.500,0.100,0.500,0.900,0.100,0.100,0.100,0.100,0.100,0.100,0.100,0.100,0.100,0.100,0.100,0.100,0.100,0.100,0.100,0.100,0.100,0.100,0.100,0.100,0.100,0.700,0.200,0.100,0.100,0.100,0.500,0.100,0.500,0.900,0.100,0.100,0.100,0.000,0.000,0.100,0.100,0.100,0.100,0.100,0.100,0.100,0.100,0.100,0.100,0.100,0.100,0.100,0.100,0.100,0.100,0
0.100,0.564,0,0.100,0.100,0.100,0.100,0.100,0.100,0.100,0.100,0.100,0.100,0.100,0.100,0.100,0.100,0.100,0.100,0.100,0.100,0.100,0.100,0.100,0.100,0.100,0.100,0.100,0.100,0.100,0.100,0.100,0.500,0.300,0.214,0.100,0.367,0.100,0.100,0.500,0.100,0.100,0.100,0.100,0.000,0.000,0.100,0.100,0.100,0.100,0.100,0.100,0.100,0.100,0.100,0.100,0.100,0.100,0.100,0.100,0.100,0.100,0
0.580,0.772,0,0.233,0.100,0.100,0.100,0.500,0.100,0.500,0.900,0.100,0.100,0.100,0.100,0.100,0.100,0.100,0.100,0.100,0.100,0.100,0.100,0.100,0.100,0.100,0.100,0.100,0.100,0.100,0.100,0.100,0.500,0.600,0.443,0.500,0.900,0.500,0.100,0.500,0.367,0.300,0.300,0.100,0.000,0.000,0.100,0.100,0.100,0.100,0.100,0.100,0.900,0.500,0.100,0.100,0.100,0.100,0.900,0.900,0.633,0.633,0
0.580,0.801,0,0.233,0.100,0.100,0.100,0.500,0.100,0.500,0.900,0.100,0.100,0.100,0.100,0.100,0.100,0.100,0.100,0.100,0.100,0.100,0.100,0.100,0.100,0.100,0.100,0.100,0.100,0.100,0.100,0.100,0.500,0.700,0.557,0.900,0.900,0.500,0.100,0.500,0.367,0.300,0.900,0.420,0.000,0.000,0.100,0.100,0.500,0.900,0.633,0.900,0.300,0.300,0.100,0.100,0.100,0.100,0.100,0.500,0.100,0.100,0
0.580,0.701,0,0.233,0.100,0.100,0.100,0.500,0.100,0.500,0.900,0.100,0.100,0.100,0.100,0.100,0.100,0.100,0.100,0.100,0.100,0.100,0.100,0.100,0.100,0.100,0.100,0.100,0.100,0.100,0.100,0.100,0.500,0.300,0.329,0.100,0.367,0.100,0.100,0.500,0.100,0.100,0.300,0.100,0.000,0.000,0.100,0.100,0.100,0.100,0.100,0.100,0.900,0.500,0.100,0.100,0.100,0.100,0.900,0.900,0.633,0.633,0
0.260,0.726,0,0.100,0.100,0.100,0.100,0.100,0.100,0.100,0.100,0.100,0.100,0.100,0.100,0.100,0.100,0.100,0.100,0.100,0.100,0.100,0.100,0.100,0.100,0.100,0.100,0.100,0.100,0.100,0.100,0.100,0.500,0.400,0.443,0.100,0.633,0.500,0.100,0.500,0.367,0.100,0.300,0.100,0.000,0.000,0.100,0.100,0.100,0.100,0.100,0.100,0.500,0.700,0.900,0.900,0.900,0.900,0.100,0.500,0.367,0.367,0
0.260,0.591,0,0.633,0.367,0.100,0.367,0.100,0.100,0.500,0.100,0.900,0.100,0.100,0.100,0.100,0.100,0.100,0.100,0.100,0.100,0.100,0.100,0.100,0.100,0.100,0.100,0.100,0.100,0.100,0.100,0.100,0.100,0.100,0.100,0.100,0.100,0.100,0.100,0.100,0.100,0.100,0.100,0.100,0.000,0.000,0.100,0.100,0.100,0.100,0.100,0.100,0.100,0.100,0.100,0.100,0.100,0.100,0.100,0.100,0.100,0.100,0
0.420,0.861,0,0.633,0.633,0.100,0.367,0.500,0.100,0.500,0.367,0.100,0.260,0.100,0.100,0.100,0.100,0.100,0.100,0.100,0.100,0.100,0.300,0.100,0.100,0.100,0.100,0.100,0.100,0.100,0.100,0.100,0.300,0.100,0.100,0.100,0.100,0.100,0.100,0.100,0.100,0.100,0.100,0.100,0.000,0.000,0.100,0.100,0.100,0.100,0.100,0.100,0.100,0.100,0.100,0.100,0.100,0.100,0.100,0.100,0.100,0.100,0
0.260,0.765,0,0.100,0.100,0.100,0.100,0.100,0.100,0.100,0.100,0.100,0.100,0.100,0.100,0.100,0.100,0.100,0.100,0.100,0.100,0.100,0.100,0.100,0.100,0.100,0.100,0.100,0.100,0.100,0.100,0.100,0.300,0.300,0.329,0.100,0.100,0.100,0.100,0.500,0.100,0.100,0.300,0.100,0.000,0.000,0.100,0.100,0.100,0.100,0.100,0.100,0.300,0.100,0.100,0.100,0.100,0.100,0.100,0.100,0.100,0.100,0
0.580,0.792,0,0.233,0.100,0.100,0.100,0.500,0.100,0.500,0.900,0.100,0.100,0.100,0.100,0.100,0.100,0.100,0.100,0.100,0.100,0.100,0.100,0.100,0.100,0.100,0.100,0.100,0.100,0.100,0.100,0.100,0.500,0.300,0.329,0.100,0.367,0.100,0.100,0.500,0.100,0.100,0.700,0.900,0.000,0.000,0.500,0.100,0.500,0.500,0.100,0.900,0.300,0.100,0.100,0.100,0.100,0.100,0.100,0.100,0.100,0.100,0
0.260,0.558,0,0.100,0.100,0.100,0.100,0.100,0.100,0.100,0.100,0.100,0.100,0.100,0.100,0.100,0.100,0.100,0.100,0.100,0.100,0.100,0.100,0.100,0.100,0.100,0.100,0.100,0.100,0.100,0.100,0.100,0.500,0.700,0.329,0.500,0.367,0.500,0.100,0.500,0.367,0.700,0.900,0.420,0.000,0.000,0.100,0.100,0.500,0.900,0.633,0.900,0.300,0.100,0.100,0.100,0.100,0.100,0.100,0.100,0.100,0.100,0
0.100,0.606,0,0.100,0.100,0.100,0.100,0.100,0.100,0.100,0.100,0.100,0.100,0.100,0.100,0.100,0.100,0.100,0.100,0.100,0.100,0.100,0.100,0.100,0.100,0.100,0.100,0.100,0.100,0.100,0.100,0.100,0.500,0.600,0.214,0.100,0.633,0.500,0.100,0.100,0.367,0.500,0.100,0.100,0.000,0.000,0.100,0.100,0.100,0.100,0.100,0.100,0.100,0.100,0.100,0.100,0.100,0.100,0.100,0.100,0.100,0.100,0
0.580,0.718,0,0.233,0.100,0.100,0.100,0.500,0.100,0.500,0.900,0.100,0.100,0.100,0.100,0.100,0.100,0.100,0.100,0.100,0.100,0.100,0.100,0.100,0.100,0.100,0.100,0.100,0.100,0.100,0.100,0.100,0.700,0.600,0.557,0.500,0.633,0.100,0.500,0.500,0.100,0.300,0.300,0.100,0.000,0.000,0.100,0.100,0.100,0.100,0.100,0.100,0.900,0.500,0.100,0.100,0.100,0.100,0.900,0.900,0.633,0.633,0
0.420,0.718,0,0.500,0.500,0.100,0.633,0.500,0.100,0.500,0.367,0.100,0.420,0.900,0.900,0.900,0.900,0.900,0.100,0.500,0.367,0.500,0.300,0.100,0.100,0.100,0.100,0.100,0.100,0.100,0.100,0.100,0.300,0.100,0.100,0.100,0.100,0.100,0.100,0.100,0.100,0.100,0.100,0.100,0.000,0.000,0.100,0.100,0.100,0.100,0.100,0.100,0.100,0.100,0.100,0.100,0.100,0.100,0.100,0.100,0.100,0.100,0
0.260,0.801,0,0.100,0.100,0.100,0.100,0.100,0.100,0.100,0.100,0.100,0.100,0.100,0.100,0.100,0.100,0.100,0.100,0.100,0.100,0.100,0.100,0.100,0.100,0.100,0.100,0.100,0.100,0.100,0.100,0.100,0.500,0.400,0.214,0.500,0.367,0.500,0.100,0.500,0.367,0.300,0.900,0.420,0.000,0.000,0.100,0.100,0.500,0.900,0.633,0.900,0.300,0.100,0.100,0.100,0.100,0.100,0.100,0.100,0.100,0.100,0
0.260,0.645,0,0.100,0.100,0.100,0.100,0.100,0.100,0.100,0.100,0.100,0.100,0.100,0.100,0.100,0.100,0.100,0.100,0.100,0.100,0.100,0.100,0.100,0.100,0.100,0.100,0.100,0.100,0.100,0.100,0.100,0.500,0.700,0.557,0.100,0.367,0.100,0.100,0.500,0.100,0.500,0.300,0.100,0.000,0.000,0.100,0.100,0.100,0.100,0.100,0.100,0.300,0.100,0.100,0.100,0.100,0.100,0.100,0.100,0.100,0.100,0
0.100,0.195,0,0.100,0.100,0.100,0.100,0.100,0.100,0.100,0.100,0.100,0.100,0.100,0.100,0.100,0.100,0.100,0.100,0.100,0.100,0.100,0.100,0.100,0.100,0.100,0.100,0.100,0.100,0.100,0.100,0.100,0.900,0.200,0.100,0.100,0.367,0.100,0.900,0.900,0.100,0.100,0.100,0.100,0.000,0.000,0.100,0.100,0.100,0.100,0.100,0.100,0.100,0.100,0.100,0.100,0.100,0.100,0.100,0.100,0.100,0.100,0
0.420,0.695,0,0.500,0.633,0.100,0.633,0.500,0.100,0.500,0.367,0.100,0.260,0.100,0.100,0.100,0.100,0.100,0.100,0.100,0.100,0.100,0.500,0.900,0.900,0.900,0.900,0.900,0.100,0.500,0.367,0.500,0.300,0.100,0.100,0.100,0.100,0.100,0.100,0.100,0.100,0.100,0.100,0.100,0.000,0.000,0.100,0.100,0.100,0.100,0.100,0.100,0.100,0.100,0.100,0.100,0.100,0.100,0.100,0.100,0.100,0.100,0
0.100,0.533,0,0.100,0.100,0.100,0.100,0.100,0.100,0.100,0.100,0.100,0.100,0.100,0.100,0.100,0.100,0.100,0.100,0.100,0.100,0.100,0.100,0.100,0.100,0.100,0.100,0.100,0.100,0.100,0.100,0.100,0.500,0.500,0.443,0.100,0.367,0.100,0.100,0.500,0.100,0.500,0.100,0.100,0.000,0.000,0.100,0.100,0.100,0.100,0.100,0.100,0.100,0.100,0.100,0.100,0.100,0.100,0.100,0.100,0.100,0.100,0
0.420,0.709,0,0.633,0.233,0.900,0.633,0.500,0.100,0.500,0.367,0.500,0.740,0.633,0.100,0.100,0.100,0.100,0.500,0.900,0.633,0.900,0.300,0.100,0.100,0.100,0.100,0.100,0.100,0.100,0.100,0.100,0.300,0.100,0.100,0.100,0.100,0.100,0.100,0.100,0.100,0.100,0.100,0.100,0.000,0.000,0.100,0.100,0.100,0.100,0.100,0.100,0.100,0.100,0.100,0.100,0.100,0.100,0.100,0.100,0.100,0.100,0
0.580,0.811,0,0.233,0.100,0.100,0.100,0.500,0.100,0.500,0.900,0.100,0.100,0.100,0.100,0.100,0.100,0.100,0.100,0.100,0.100,0.100,0.100,0.100,0.100,0.100,0.100,0.100,0.100,0.100,0.100,0.100,0.300,0.500,0.557,0.100,0.100,0.100,0.100,0.500,0.100,0.100,0.900,0.420,0.000,0.000,0.100,0.100,0.500,0.900,0.633,0.900,0.700,0.300,0.100,0.100,0.100,0.900,0.100,0.500,0.900,0.100,0
0.580,0.709,0,0.233,0.100,0.100,0.100,0.500,0.100,0.500,0.900,0.100,0.100,0.100,0.100,0.100,0.100,0.100,0.100,0.100,0.100,0.100,0.100,0.100,0.100,0.100,0.100,0.100,0.100,0.100,0.100,0.100,0.500,0.400,0.329,0.500,0.367,0.500,0.100,0.500,0.367,0.300,0.300,0.100,0.000,0.000,0.100,0.100,0.100,0.100,0.100,0.100,0.900,0.500,0.100,0.100,0.100,0.100,0.900,0.900,0.633,0.633,0
0.420,0.463,0,0.767,0.233,0.500,0.900,0.100,0.100,0.500,0.100,0.900,0.100,0.100,0.100,0.100,0.100,0.100,0.100,0.100,0.100,0.100,0.100,0.100,0.100,0.100,0.100,0.100,0.100,0.100,0.100,0.100,0.100,0.100,0.100,0.100,0.100,0.100,0.100,0.100,0.100,0.100,0.100,0.100,0.000,0.000,0.100,0.100,0.100,0.100,0.100,0.100,0.100,0.100,0.100,0.100,0.100,0.100,0.100,0.100,0.100,0.100,0
0.260,0.796,0,0.100,0.100,0.100,0.100,0.100,0.100,0.100,0.100,0.100,0.100,0.100,0.100,0.100,0.100,0.100,0.100,0.100,0.100,0.100,0.100,0.100,0.100,0.100,0.100,0.100,0.100,0.100,0.100,0.100,0.500,0.500,0.214,0.900,0.633,0.500,0.100,0.500,0.367,0.300,0.900,0.420,0.000,0.000,0.100,0.100,0.500,0.900,0.633,0.900,0.300,0.100,0.100,0.100,0.100,0.100,0.100,0.100,0.100,0.100,0
0.260,0.631,0,0.100,0.100,0.100,0.100,0.100,0.100,0.100,0.100,0.100,0.100,0.100,0.100,0.100,0.100,0.100,0.100,0.100,0.100,0.100,0.100,0.100,0.100,0.100,0.100,0.100,0.100,0.100,0.100,0.100,0.500,0.700,0.214,0.500,0.367,0.500,0.100,0.500,0.367,0.900,0.300,0.100,0.000,0.000,0.100,0.100,0.100,0.100,0.100,0.100,0.900,0.500,0.100,0.100,0.100,0.100,0.900,0.900,0.633,0.633,0
0.580,0.726,0,0.233,0.100,0.100,0.100,0.500,0.100,0.500,0.900,0.100,0.100,0.100,0.100,0.100,0.100,0.100,0.100,0.100,0.100,0.100,0.100,0.100,0.100,0.100,0.100,0.100,0.100,0.100,0.100,0.100,0.300,0.500,0.557,0.100,0.100,0.100,0.100,0.500,0.100,0.100,0.700,0.260,0.000,0.000,0.100,0.900,0.100,0.500,0.900,0.100,0.900,0.500,0.100,0.100,0.100,0.100,0.900,0.900,0.633,0.633,0
0.100,0.564,0,0.100,0.100,0.100,0.100,0.100,0.100,0.100,0.100,0.100,0.100,0.100,0.100,0.100,0.100,0.100,0.100,0.100,0.100,0.100,0.100,0.100,0.100,0.100,0.100,0.100,0.100,0.100,0.100,0.100,0.100,0.100,0.100,0.100,0.100,0.100,0.100,0.100,0.100,0.100,0.100,0.100,0.000,0.000,0.100,0.100,0.100,0.100,0.100,0.100,0.100,0.100,0.100,0.100,0.100,0.100,0.100,0.100,0.100,0.100,0
0.260,0.734,0,0.100,0.100,0.100,0.100,0.100,0.100,0.100,0.100,0.100,0.100,0.100,0.100,0.100,0.100,0.100,0.100,0.100,0.100,0.100,0.100,0.100,0.100,0.100,0.100,0.100,0.100,0.100,0.100,0.100,0.500,0.400,0.329,0.500,0.367,0.500,0.100,0.500,0.367,0.300,0.900,0.420,0.000,0.000,0.100,0.100,0.500,0.900,0.633,0.900,0.300,0.100,0.100,0.100,0.100,0.100,0.100,0.100,0.100,0.100,0
0.420,0.780,0,0.500,0.633,0.100,0.633,0.500,0.100,0.500,0.367,0.100,0.260,0.100,0.100,0.100,0.100,0.100,0.100,0.100,0.100,0.100,0.900,0.633,0.100,0.100,0.100,0.100,0.900,0.900,0.633,0.900,0.300,0.100,0.100,0.100,0.100,0.100,0.100,0.100,0.100,0.100,0.100,0.100,0.000,0.000,0.100,0.100,0.100,0.100,0.100,0.100,0.100,0.100,0.100,0.100,0.100,0.100,0.100,0.100,0.100,0.100,0
0.580,0.678,0,0.233,0.100,0.100,0.100,0.500,0.100,0.500,0.900,0.100,0.100,0.100,0.100,0.100,0.100,0.100,0.100,0.100,0.100,0.100,0.100,0.100,0.100,0.100,0.100,0.100,0.100,0.100,0.100,0.100,0.500,0.600,0.214,0.100,0.633,0.500,0.100,0.100,0.367,0.500,0.100,0.100,0.000,0.000,0.100,0.100,0.100,0.100,0.100,0.100,0.100,0.100,0.100,0.100,0.100,0.100,0.100,0.100,0.100,0.100,0
0.260,0.772,0,0.100,0.100,0.100,0.100,0.100,0.100,0.100,0.100,0.100,0.100,0.100,0.100,0.100,0.100,0.100,0.100,0.100,0.100,0.100,0.100,0.100,0.100,0.100,0.100,0.100,0.100,0.100,0.100,0.100,0.500,0.500,0.443,0.500,0.367,0.500,0.100,0.500,0.367,0.300,0.900,0.420,0.000,0.000,0.100,0.100,0.500,0.900,0.633,0.900,0.300,0.100,0.100,0.100,0.100,0.100,0.100,0.100,0.100,0.100,0
0.100,0.639,0,0.100,0.100,0.100,0.100,0.100,0.100,0.100,0.100,0.100,0.100,0.100,0.100,0.100,0.100,0.100,0.100,0.100,0.100,0.100,0.100,0.100,0.100,0.100,0.100,0.100,0.100,0.100,0.100,0.100,0.300,0.600,0.329,0.100,0.367,0.100,0.100,0.500,0.100,0.500,0.100,0.100,0.000,0.000,0.100,0.100,0.100,0.100,0.100,0.100,0.100,0.100,0.100,0.100,0.100,0.100,0.100,0.100,0.100,0.100,0
0.260,0.817,0,0.100,0.100,0.100,0.100,0.100,0.100,0.100,0.100,0.100,0.100,0.100,0.100,0.100,0.100,0.100,0.100,0.100,0.100,0.100,0.100,0.100,0.100,0.100,0.100,0.100,0.100,0.100,0.100,0.100,0.500,0.500,0.557,0.100,0.367,0.500,0.100,0.500,0.367,0.100,0.300,0.100,0.000,0.000,0.100,0.100,0.100,0.100,0.100,0.100,0.900,0.500,0.100,0.100,0.100,0.100,0.900,0.900,0.633,0.633,0
0.580,0.730,0,0.233,0.100,0.100,0.100,0.500,0.100,0.500,0.900,0.100,0.100,0.100,0.100,0.100,0.100,0.100,0.100,0.100,0.100,0.100,0.100,0.100,0.100,0.100,0.100,0.100,0.100,0.100,0.100,0.100,0.500,0.300,0.329,0.100,0.367,0.100,0.100,0.500,0.100,0.100,0.900,0.420,0.000,0.000,0.100,0.100,0.500,0.900,0.633,0.900,0.300,0.100,0.100,0.100,0.100,0.100,0.100,0.100,0.100,0.100,0
0.260,0.792,0,0.100,0.100,0.100,0.100,0.100,0.100,0.100,0.100,0.100,0.100,0.100,0.100,0.100,0.100,0.100,0.100,0.100,0.100,0.100,0.100,0.100,0.100,0.100,0.100,0.100,0.100,0.100,0.100,0.100,0.500,0.400,0.329,0.500,0.367,0.500,0.100,0.500,0.367,0.300,0.300,0.260,0.000,0.000,0.100,0.100,0.100,0.500,0.100,0.100,0.900,0.500,0.100,0.100,0.100,0.100,0.900,0.900,0.633,0.633,0
0.580,0.740,0,0.367,0.233,0.500,0.367,0.100,0.500,0.500,0.100,0.500,0.580,0.900,0.100,0.100,0.900,0.100,0.500,0.500,0.100,0.900,0.300,0.100,0.100,0.100,0.100,0.100,0.100,0.100,0.100,0.100,0.300,0.100,0.100,0.100,0.100,0.100,0.100,0.100,0.100,0.100,0.100,0.100,0.000,0.000,0.100,0.100,0.100,0.100,0.100,0.100,0.100,0.100,0.100,0.100,0.100,0.100,0.100,0.100,0.100,0.100,0
0.260,0.415,0,0.100,0.100,0.100,0.100,0.100,0.100,0.100,0.100,0.100,0.100,0.100,0.100,0.100,0.100,0.100,0.100,0.100,0.100,0.100,0.100,0.100,0.100,0.100,0.100,0.100,0.100,0.100,0.100,0.100,0.500,0.900,0.214,0.500,0.367,0.500,0.100,0.500,0.367,0.700,0.300,0.100,0.000,0.000,0.100,0.100,0.100,0.100,0.100,0.100,0.900,0.500,0.100,0.100,0.100,0.100,0.900,0.900,0.633,0.633,0
0.580,0.651,0,0.233,0.100,0.100,0.100,0.500,0.100,0.500,0.900,0.100,0.100,0.100,0.100,0.100,0.100,0.100,0.100,0.100,0.100,0.100,0.100,0.100,0.100,0.100,0.100,0.100,0.100,0.100,0.100,0.100,0.500,0.600,0.557,0.500,0.633,0.500,0.100,0.500,0.367,0.300,0.300,0.100,0.000,0.000,0.100,0.100,0.100,0.100,0.100,0.100,0.900,0.500,0.100,0.100,0.100,0.100,0.900,0.900,0.633,0.633,0
0.580,0.726,0,0.233,0.100,0.100,0.100,0.500,0.100,0.500,0.900,0.100,0.100,0.100,0.100,0.100,0.100,0.100,0.100,0.100,0.100,0.100,0.100,0.100,0.100,0.100,0.100,0.100,0.100,0.100,0.100,0.100,0.500,0.700,0.671,0.900,0.900,0.500,0.100,0.500,0.367,0.300,0.900,0.420,0.000,0.000,0.100,0.100,0.500,0.900,0.633,0.900,0.300,0.100,0.100,0.100,0.100,0.100,0.100,0.100,0.100,0.100,0
0.580,0.713,0,0.233,0.100,0.100,0.100,0.500,0.100,0.500,0.900,0.100,0.100,0.100,0.100,0.100,0.100,0.100,0.100,0.100,0.100,0.100,0.100,0.100,0.100,0.100,0.100,0.100,0.100,0.100,0.100,0.100,0.500,0.600,0.329,0.100,0.633,0.500,0.100,0.100,0.367,0.500,0.100,0.100,0.000,0.000,0.100,0.100,0.100,0.100,0.100,0.100,0.100,0.100,0.100,0.100,0.100,0.100,0.100,0.100,0.100,0.100,0
0.260,0.726,0,0.633,0.633,0.100,0.100,0.100,0.100,0.500,0.100,0.100,0.580,0.367,0.100,0.100,0.100,0.900,0.100,0.500,0.900,0.100,0.900,0.633,0.100,0.100,0.100,0.100,0.900,0.900,0.633,0.900,0.300,0.100,0.100,0.100,0.100,0.100,0.100,0.100,0.100,0.100,0.100,0.100,0.000,0.000,0.100,0.100,0.100,0.100,0.100,0.100,0.100,0.100,0.100,0.100,0.100,0.100,0.100,0.100,0.100,0.100,0
0.420,0.523,0,0.767,0.900,0.100,0.633,0.500,0.100,0.500,0.367,0.100,0.260,0.100,0.100,0.100,0.100,0.100,0.100,0.100,0.100,0.100,0.900,0.633,0.100,0.100,0.100,0.100,0.900,0.900,0.633,0.900,0.700,0.200,0.100,0.100,0.100,0.500,0.100,0.500,0.900,0.100,0.100,0.100,0.000,0.000,0.100,0.100,0.100,0.100,0.100,0.100,0.100,0.100,0.100,0.100,0.100,0.100,0.100,0.100,0.100,0.100,0
0.260,0.550,0,0.100,0.100,0.100,0.100,0.100,0.100,0.100,0.100,0.100,0.260,0.100,0.100,0.100,0.100,0.100,0.100,0.100,0.100,0.100,0.300,0.100,0.100,0.100,0.100,0.100,0.100,0.100,0.100,0.100,0.300,0.100,0.100,0.100,0.100,0.100,0.100,0.100,0.100,0.100,0.100,0.100,0.000,0.000,0.100,0.100,0.100,0.100,0.100,0.100,0.100,0.100,0.100,0.100,0.100,0.100,0.100,0.100,0.100,0.100,0
0.580,0.772,0,0.233,0.100,0.100,0.100,0.500,0.100,0.500,0.900,0.100,0.100,0.100,0.100,0.100,0.100,0.100,0.100,0.100,0.100,0.100,0.100,0.100,0.100,0.100,0.100,0.100,0.100,0.100,0.100,0.100,0.500,0.500,0.214,0.900,0.633,0.500,0.100,0.500,0.367,0.300,0.300,0.100,0.000,0.000,0.100,0.100,0.100,0.100,0.100,0.100,0.900,0.500,0.100,0.100,0.100,0.100,0.900,0.900,0.633,0.633,0
0.260,0.641,0,0.100,0.100,0.100,0.100,0.100,0.100,0.100,0.100,0.100,0.100,0.100,0.100,0.100,0.100,0.100,0.100,0.100,0.100,0.100,0.100,0.100,0.100,0.100,0.100,0.100,0.100,0.100,0.100,0.100,0.500,0.400,0.329,0.500,0.367,0.500,0.100,0.500,0.367,0.500,0.300,0.100,0.000,0.000,0.100,0.100,0.100,0.100,0.100,0.100,0.900,0.500,0.100,0.100,0.100,0.100,0.900,0.900,0.633,0.633,0
0.100,0.641,0,0.100,0.100,0.100,0.100,0.100,0.100,0.100,0.100,0.100,0.100,0.100,0.100,0.100,0.100,0.100,0.100,0.100,0.100,0.100,0.100,0.100,0.100,0.100,0.100,0.100,0.100,0.100,0.100,0.100,0.500,0.600,0.329,0.100,0.900,0.500,0.100,0.100,0.367,0.500,0.100,0.100,0.000,0.000,0.100,0.100,0.100,0.100,0.100,0.100,0.100,0.100,0.100,0.100,0.100,0.100,0.100,0.100,0.100,0.100,0
0.260,0.100,0,0.100,0.100,0.100,0.100,0.100,0.100,0.100,0.100,0.100,0.100,0.100,0.100,0.100,0.100,0.100,0.100,0.100,0.100,0.100,0.100,0.100,0.100,0.100,0.100,0.100,0.100,0.100,0.100,0.100,0.500,0.300,0.100,0.500,0.367,0.900,0.100,0.500,0.367,0.500,0.900,0.420,0.000,0.000,0.100,0.100,0.500,0.900,0.633,0.900,0.300,0.100,0.100,0.100,0.100,0.100,0.100,0.100,0.100,0.100,0
0.580,0.687,0,0.233,0.100,0.100,0.100,0.500,0.100,0.500,0.900,0.100,0.100,0.100,0.100,0.100,0.100,0.100,0.100,0.100,0.100,0.100,0.100,0.100,0.100,0.100,0.100,0.100,0.100,0.100,0.100,0.100,0.500,0.300,0.329,0.100,0.367,0.100,0.100,0.500,0.100,0.100,0.900,0.260,0.000,0.000,0.500,0.100,0.900,0.900,0.100,0.100,0.300,0.100,0.100,0.100,0.100,0.100,0.100,0.100,0.100,0.100,0
0.420,0.616,0,0.633,0.767,0.100,0.633,0.500,0.100,0.500,0.367,0.100,0.260,0.100,0.100,0.100,0.100,0.100,0.100,0.100,0.100,0.100,0.900,0.633,0.100,0.100,0.100,0.100,0.900,0.900,0.633,0.900,0.700,0.200,0.100,0.100,0.100,0.500,0.100,0.500,0.900,0.100,0.100,0.100,0.000,0.000,0.100,0.100,0.100,0.100,0.100,0.100,0.100,0.100,0.100,0.100,0.100,0.100,0.100,0.100,0.100,0.100,0
0.100,0.510,0,0.100,0.100,0.100,0.100,0.100,0.100,0.100,0.100,0.100,0.100,0.100,0.100,0.100,0.100,0.100,0.100,0.100,0.100,0.100,0.100,0.100,0.100,0.100,0.100,0.100,0.100,0.100,0.100,0.100,0.500,0.600,0.214,0.100,0.633,0.500,0.100,0.100,0.367,0.500,0.100,0.100,0.000,0.000,0.100,0.100,0.100,0.100,0.100,0.100,0.100,0.100,0.100,0.100,0.100,0.100,0.100,0.100,0.100,0.100,0
0.260,0.788,0,0.100,0.100,0.100,0.100,0.100,0.100,0.100,0.100,0.100,0.100,0.100,0.100,0.100,0.100,0.100,0.100,0.100,0.100,0.100,0.100,0.100,0.100,0.100,0.100,0.100,0.100,0.100,0.100,0.100,0.300,0.500,0.557,0.100,0.100,0.100,0.100,0.500,0.100,0.100,0.300,0.100,0.000,0.000,0.100,0.100,0.100,0.100,0.100,0.100,0.300,0.100,0.100,0.100,0.100,0.100,0.100,0.100,0.100,0.100,0
0.580,0.670,0,0.233,0.100,0.100,0.100,0.500,0.100,0.500,0.900,0.100,0.100,0.100,0.100,0.100,0.100,0.100,0.100,0.100,0.100,0.100,0.100,0.100,0.100,0.100,0.100,0.100,0.100,0.100,0.100,0.100,0.500,0.300,0.329,0.100,0.367,0.100,0.100,0.500,0.100,0.100,0.700,0.260,0.000,0.000,0.100,0.900,0.100,0.500,0.900,0.100,0.900,0.500,0.100,0.100,0.100,0.100,0.900,0.900,0.633,0.633,0
0.420,0.620,0,0.500,0.367,0.500,0.367,0.500,0.100,0.500,0.367,0.500,0.260,0.100,0.100,0.100,0.100,0.100,0.100,0.100,0.100,0.100,0.900,0.633,0.100,0.100,0.100,0.100,0.900,0.900,0.633,0.900,0.300,0.100,0.100,0.100,0.100,0.100,0.100,0.100,0.100,0.100,0.100,0.100,0.000,0.000,0.100,0.100,0.100,0.100,0.100,0.100,0.100,0.100,0.100,0.100,0.100,0.100,0.100,0.100,0.100,0.100,0
0.580,0.788,0,0.233,0.100,0.100,0.100,0.500,0.100,0.500,0.900,0.100,0.100,0.100,0.100,0.100,0.100,0.100,0.100,0.100,0.100,0.100,0.100,0.100,0.100,0.100,0.100,0.100,0.100,0.100,0.100,0.100,0.500,0.300,0.329,0.100,0.367,0.100,0.100,0.500,0.100,0.100,0.900,0.420,0.000,0.000,0.100,0.100,0.500,0.900,0.633,0.900,0.700,0.300,0.100,0.100,0.100,0.900,0.100,0.500,0.900,0.100,0
0.260,0.796,0,0.100,0.100,0.100,0.100,0.100,0.100,0.100,0.100,0.100,0.100,0.100,0.100,0.100,0.100,0.100,0.100,0.100,0.100,0.100,0.100,0.100,0.100,0.100,0.100,0.100,0.100,0.100,0.100,0.100,0.500,0.500,0.329,0.100,0.367,0.900,0.100,0.500,0.367,0.500,0.300,0.100,0.000,0.000,0.100,0.100,0.100,0.100,0.100,0.100,0.900,0.500,0.100,0.100,0.100,0.100,0.900,0.900,0.633,0.633,0
0.260,0.811,0,0.100,0.100,0.100,0.100,0.100,0.100,0.100,0.100,0.100,0.100,0.100,0.100,0.100,0.100,0.100,0.100,0.100,0.100,0.100,0.100,0.100,0.100,0.100,0.100,0.100,0.100,0.100,0.100,0.100,0.700,0.400,0.329,0.500,0.367,0.100,0.500,0.500,0.100,0.300,0.300,0.100,0.000,0.000,0.100,0.100,0.100,0.100,0.100,0.100,0.900,0.500,0.100,0.100,0.100,0.100,0.900,0.900,0.633,0.633,0
0.580,0.668,0,0.233,0.100,0.100,0.100,0.500,0.100,0.500,0.900,0.100,0.100,0.100,0.100,0.100,0.100,0.100,0.100,0.100,0.100,0.100,0.100,0.100,0.100,0.100,0.100,0.100,0.100,0.100,0.100,0.100,0.500,0.400,0.329,0.500,0.367,0.500,0.100,0.900,0.367,0.300,0.300,0.100,0.000,0.000,0.100,0.100,0.100,0.100,0.100,0.100,0.900,0.500,0.100,0.100,0.100,0.100,0.900,0.900,0.633,0.633,0
0.580,0.794,0,0.233,0.100,0.100,0.100,0.500,0.100,0.500,0.900,0.100,0.100,0.100,0.100,0.100,0.100,0.100,0.100,0.100,0.100,0.100,0.100,0.100,0.100,0.100,0.100,0.100,0.100,0.100,0.100,0.100,0.300,0.500,0.557,0.100,0.100,0.100,0.100,0.500,0.100,0.100,0.900,0.420,0.000,0.000,0.100,0.100,0.500,0.900,0.633,0.900,0.300,0.100,0.100,0.100,0.100,0.100,0.100,0.100,0.100,0.100,0
0.580,0.639,0,0.233,0.100,0.100,0.100,0.500,0.100,0.500,0.900,0.100,0.100,0.100,0.100,0.100,0.100,0.100,0.100,0.100,0.100,0.100,0.100,0.100,0.100,0.100,0.100,0.100,0.100,0.100,0.100,0.100,0.500,0.700,0.557,0.900,0.900,0.500,0.100,0.500,0.367,0.300,0.900,0.420,0.000,0.000,0.100,0.100,0.500,0.900,0.633,0.900,0.300,0.100,0.100,0.100,0.100,0.100,0.100,0.100,0.100,0.100,0
0.260,0.838,0,0.100,0.100,0.100,0.100,0.100,0.100,0.100,0.100,0.100,0.100,0.100,0.100,0.100,0.100,0.100,0.100,0.100,0.100,0.100,0.100,0.100,0.100,0.100,0.100,0.100,0.100,0.100,0.100,0.100,0.500,0.400,0.329,0.500,0.367,0.500,0.100,0.500,0.367,0.300,0.900,0.420,0.000,0.000,0.100,0.100,0.500,0.900,0.633,0.900,0.500,0.500,0.100,0.100,0.900,0.900,0.100,0.500,0.367,0.100,0
0.260,0.481,0,0.100,0.100,0.100,0.100,0.100,0.100,0.100,0.100,0.100,0.100,0.100,0.100,0.100,0.100,0.100,0.100,0.100,0.100,0.100,0.100,0.100,0.100,0.100,0.100,0.100,0.100,0.100,0.100,0.100,0.300,0.700,0.786,0.100,0.367,0.100,0.100,0.500,0.100,0.100,0.300,0.100,0.000,0.000,0.100,0.100,0.100,0.100,0.100,0.100,0.300,0.100,0.100,0.100,0.100,0.100,0.100,0.100,0.100,0.100,0
0.260,0.838,0,0.100,0.100,0.100,0.100,0.100,0.100,0.100,0.100,0.100,0.100,0.100,0.100,0.100,0.100,0.100,0.100,0.100,0.100,0.100,0.100,0.100,0.100,0.100,0.100,0.100,0.100,0.100,0.100,0.100,0.500,0.500,0.557,0.100,0.367,0.500,0.100,0.500,0.367,0.100,0.300,0.100,0.000,0.000,0.100,0.100,0.100,0.100,0.100,0.100,0.300,0.100,0.100,0.100,0.100,0.100,0.100,0.100,0.100,0.100,0
0.260,0.730,0,0.100,0.100,0.100,0.100,0.100,0.100,0.100,0.100,0.100,0.100,0.100,0.100,0.100,0.100,0.100,0.100,0.100,0.100,0.100,0.100,0.100,0.100,0.100,0.100,0.100,0.100,0.100,0.100,0.100,0.500,0.400,0.329,0.500,0.633,0.500,0.100,0.500,0.367,0.300,0.300,0.100,0.000,0.000,0.100,0.100,0.100,0.100,0.100,0.100,0.900,0.500,0.100,0.100,0.100,0.100,0.900,0.900,0.633,0.633,0
0.260,0.608,0,0.100,0.100,0.100,0.100,0.100,0.100,0.100,0.100,0.100,0.100,0.100,0.100,0.100,0.100,0.100,0.100,0.100,0.100,0.100,0.100,0.100,0.100,0.100,0.100,0.100,0.100,0.100,0.100,0.100,0.500,0.700,0.329,0.500,0.367,0.500,0.100,0.500,0.367,0.700,0.300,0.100,0.000,0.000,0.100,0.100,0.100,0.100,0.100,0.100,0.900,0.500,0.100,0.100,0.100,0.100,0.900,0.900,0.633,0.633,0
0.260,0.616,0,0.100,0.100,0.100,0.100,0.100,0.100,0.100,0.100,0.100,0.100,0.100,0.100,0.100,0.100,0.100,0.100,0.100,0.100,0.100,0.100,0.100,0.100,0.100,0.100,0.100,0.100,0.100,0.100,0.100,0.500,0.700,0.214,0.500,0.367,0.500,0.100,0.500,0.367,0.900,0.300,0.100,0.000,0.000,0.100,0.100,0.100,0.100,0.100,0.100,0.900,0.500,0.100,0.100,0.100,0.100,0.900,0.900,0.633,0.633,0
0.580,0.817,0,0.233,0.100,0.100,0.100,0.500,0.100,0.500,0.900,0.100,0.100,0.100,0.100,0.100,0.100,0.100,0.100,0.100,0.100,0.100,0.100,0.100,0.100,0.100,0.100,0.100,0.100,0.100,0.100,0.100,0.300,0.500,0.557,0.100,0.100,0.100,0.100,0.500,0.100,0.100,0.300,0.100,0.000,0.000,0.100,0.100,0.100,0.100,0.100,0.100,0.900,0.500,0.100,0.100,0.100,0.100,0.900,0.900,0.633,0.633,0
0.260,0.631,0,0.100,0.100,0.100,0.100,0.100,0.100,0.100,0.100,0.100,0.100,0.100,0.100,0.100,0.100,0.100,0.100,0.100,0.100,0.100,0.100,0.100,0.100,0.100,0.100,0.100,0.100,0.100,0.100,0.100,0.500,0.700,0.214,0.500,0.367,0.500,0.100,0.500,0.367,0.900,0.300,0.100,0.000,0.000,0.100,0.100,0.100,0.100,0.100,0.100,0.900,0.500,0.100,0.100,0.100,0.100,0.900,0.900,0.633,0.633,0
0.420,0.135,0,0.767,0.367,0.100,0.900,0.500,0.100,0.100,0.367,0.900,0.100,0.100,0.100,0.100,0.100,0.100,0.100,0.100,0.100,0.100,0.100,0.100,0.100,0.100,0.100,0.100,0.100,0.100,0.100,0.100,0.100,0.100,0.100,0.100,0.100,0.100,0.100,0.100,0.100,0.100,0.100,0.100,0.000,0.000,0.100,0.100,0.100,0.100,0.100,0.100,0.100,0.100,0.100,0.100,0.100,0.100,0.100,0.100,0.100,0.100,0
0.420,0.689,0,0.633,0.233,0.900,0.633,0.500,0.100,0.500,0.367,0.500,0.260,0.100,0.100,0.100,0.100,0.100,0.100,0.100,0.100,0.100,0.300,0.100,0.100,0.100,0.100,0.100,0.100,0.100,0.100,0.100,0.300,0.100,0.100,0.100,0.100,0.100,0.100,0.100,0.100,0.100,0.100,0.100,0.000,0.000,0.100,0.100,0.100,0.100,0.100,0.100,0.100,0.100,0.100,0.100,0.100,0.100,0.100,0.100,0.100,0.100,0
0.100,0.427,0,0.100,0.100,0.100,0.100,0.100,0.100,0.100,0.100,0.100,0.100,0.100,0.100,0.100,0.100,0.100,0.100,0.100,0.100,0.100,0.100,0.100,0.100,0.100,0.100,0.100,0.100,0.100,0.100,0.100,0.500,0.500,0.214,0.100,0.633,0.500,0.100,0.100,0.367,0.300,0.100,0.100,0.000,0.000,0.100,0.100,0.100,0.100,0.100,0.100,0.100,0.100,0.100,0.100,0.100,0.100,0.100,0.100,0.100,0.100,0
0.260,0.765,0,0.100,0.100,0.100,0.100,0.100,0.100,0.100,0.100,0.100,0.100,0.100,0.100,0.100,0.100,0.100,0.100,0.100,0.100,0.100,0.100,0.100,0.100,0.100,0.100,0.100,0.100,0.100,0.100,0.100,0.500,0.400,0.329,0.500,0.367,0.500,0.100,0.500,0.367,0.300,0.300,0.260,0.000,0.000,0.100,0.100,0.100,0.500,0.100,0.100,0.900,0.500,0.100,0.100,0.100,0.100,0.900,0.900,0.633,0.633,0
0.580,0.757,0,0.233,0.100,0.100,0.100,0.500,0.100,0.500,0.900,0.100,0.100,0.100,0.100,0.100,0.100,0.100,0.100,0.100,0.100,0.100,0.100,0.100,0.100,0.100,0.100,0.100,0.100,0.100,0.100,0.100,0.500,0.600,0.329,0.100,0.900,0.500,0.100,0.100,0.367,0.500,0.100,0.100,0.000,0.000,0.100,0.100,0.100,0.100,0.100,0.100,0.100,0.100,0.100,0.100,0.100,0.100,0.100,0.100,0.100,0.100,0
0.420,0.258,0,0.633,0.233,0.100,0.633,0.500,0.100,0.100,0.367,0.500,0.100,0.100,0.100,0.100,0.100,0.100,0.100,0.100,0.100,0.100,0.100,0.100,0.100,0.100,0.100,0.100,0.100,0.100,0.100,0.100,0.100,0.100,0.100,0.100,0.100,0.100,0.100,0.100,0.100,0.100,0.100,0.100,0.000,0.000,0.100,0.100,0.100,0.100,0.100,0.100,0.100,0.100,0.100,0.100,0.100,0.100,0.100,0.100,0.100,0.100,0
0.260,0.581,0,0.100,0.100,0.100,0.100,0.100,0.100,0.100,0.100,0.100,0.100,0.100,0.100,0.100,0.100,0.100,0.100,0.100,0.100,0.100,0.100,0.100,0.100,0.100,0.100,0.100,0.100,0.100,0.100,0.100,0.500,0.400,0.214,0.100,0.367,0.900,0.100,0.500,0.367,0.500,0.300,0.100,0.000,0.000,0.100,0.100,0.100,0.100,0.100,0.100,0.300,0.100,0.100,0.100,0.100,0.100,0.100,0.100,0.100,0.100,0
0.420,0.365,0,0.367,0.100,0.500,0.367,0.900,0.100,0.500,0.367,0.900,0.260,0.100,0.100,0.100,0.100,0.100,0.100,0.100,0.100,0.100,0.900,0.633,0.100,0.100,0.100,0.100,0.900,0.900,0.633,0.900,0.300,0.100,0.100,0.100,0.100,0.100,0.100,0.100,0.100,0.100,0.100,0.100,0.000,0.000,0.100,0.100,0.100,0.100,0.100,0.100,0.100,0.100,0.100,0.100,0.100,0.100,0.100,0.100,0.100,0.100,0
0.260,0.351,0,0.100,0.100,0.100,0.100,0.100,0.100,0.100,0.100,0.100,0.100,0.100,0.100,0.100,0.100,0.100,0.100,0.100,0.100,0.100,0.100,0.100,0.100,0.100,0.100,0.100,0.100,0.100,0.100,0.100,0.500,0.400,0.100,0.500,0.367,0.500,0.100,0.500,0.367,0.300,0.900,0.420,0.000,0.000,0.100,0.100,0.500,0.900,0.633,0.900,0.300,0.100,0.100,0.100,0.100,0.100,0.100,0.100,0.100,0.100,0
0.260,0.809,0,0.633,0.633,0.100,0.100,0.100,0.100,0.500,0.100,0.100,0.740,0.633,0.100,0.100,0.100,0.100,0.500,0.900,0.633,0.900,0.300,0.100,0.100,0.100,0.100,0.100,0.100,0.100,0.100,0.100,0.300,0.100,0.100,0.100,0.100,0.100,0.100,0.100,0.100,0.100,0.100,0.100,0.000,0.000,0.100,0.100,0.100,0.100,0.100,0.100,0.100,0.100,0.100,0.100,0.100,0.100,0.100,0.100,0.100,0.100,0
0.260,0.643,0,0.100,0.100,0.100,0.100,0.100,0.100,0.100,0.100,0.100,0.100,0.100,0.100,0.100,0.100,0.100,0.100,0.100,0.100,0.100,0.100,0.100,0.100,0.100,0.100,0.100,0.100,0.100,0.100,0.100,0.500,0.600,0.443,0.100,0.367,0.100,0.100,0.500,0.100,0.500,0.300,0.100,0.000,0.000,0.100,0.100,0.100,0.100,0.100,0.100,0.300,0.100,0.100,0.100,0.100,0.100,0.100,0.100,0.100,0.100,0
0.420,0.809,0,0.633,0.233,0.900,0.633,0.500,0.100,0.500,0.367,0.500,0.900,0.633,0.100,0.100,0.100,0.100,0.900,0.100,0.900,0.500,0.300,0.100,0.100,0.100,0.100,0.100,0.100,0.100,0.100,0.100,0.300,0.100,0.100,0.100,0.100,0.100,0.100,0.100,0.100,0.100,0.100,0.100,0.000,0.000,0.100,0.100,0.100,0.100,0.100,0.100,0.100,0.100,0.100,0.100,0.100,0.100,0.100,0.100,0.100,0.100,0
0.260,0.602,0,0.767,0.767,0.100,0.367,0.100,0.100,0.500,0.100,0.500,0.100,0.100,0.100,0.100,0.100,0.100,0.100,0.100,0.100,0.100,0.100,0.100,0.100,0.100,0.100,0.100,0.100,0.100,0.100,0.100,0.100,0.100,0.100,0.100,0.100,0.100,0.100,0.100,0.100,0.100,0.100,0.100,0.000,0.000,0.100,0.100,0.100,0.100,0.100,0.100,0.100,0.100,0.100,0.100,0.100,0.100,0.100,0.100,0.100,0.100,0
0.260,0.320,0,0.100,0.100,0.100,0.100,0.100,0.100,0.100,0.100,0.100,0.100,0.100,0.100,0.100,0.100,0.100,0.100,0.100,0.100,0.100,0.100,0.100,0.100,0.100,0.100,0.100,0.100,0.100,0.100,0.100,0.500,0.700,0.329,0.500,0.367,0.500,0.100,0.500,0.367,0.700,0.300,0.100,0.000,0.000,0.100,0.100,0.100,0.100,0.100,0.100,0.900,0.500,0.100,0.100,0.100,0.100,0.900,0.900,0.633,0.633,0
0.580,0.738,0,0.233,0.100,0.100,0.100,0.100,0.500,0.100,0.900,0.500,0.100,0.100,0.100,0.100,0.100,0.100,0.100,0.100,0.100,0.100,0.100,0.100,0.100,0.100,0.100,0.100,0.100,0.100,0.100,0.100,0.100,0.100,0.100,0.100,0.100,0.100,0.100,0.100,0.100,0.100,0.100,0.100,0.000,0.000,0.100,0.100,0.100,0.100,0.100,0.100,0.100,0.100,0.100,0.100,0.100,0.100,0.100,0.100,0.100,0.100,0
0.260,0.695,0,0.100,0.100,0.100,0.100,0.100,0.100,0.100,0.100,0.100,0.100,0.100,0.100,0.100,0.100,0.100,0.100,0.100,0.100,0.100,0.100,0.100,0.100,0.100,0.100,0.100,0.100,0.100,0.100,0.100,0.500,0.500,0.329,0.500,0.367,0.500,0.100,0.500,0.367,0.500,0.300,0.100,0.000,0.000,0.100,0.100,0.100,0.100,0.100,0.100,0.900,0.500,0.100,0.100,0.100,0.100,0.900,0.900,0.633,0.633,0
0.580,0.662,0,0.233,0.100,0.100,0.100,0.500,0.100,0.500,0.900,0.100,0.100,0.100,0.100,0.100,0.100,0.100,0.100,0.100,0.100,0.100,0.100,0.100,0.100,0.100,0.100,0.100,0.100,0.100,0.100,0.100,0.500,0.500,0.443,0.500,0.367,0.500,0.100,0.500,0.367,0.300,0.300,0.100,0.000,0.000,0.100,0.100,0.100,0.100,0.100,0.100,0.900,0.500,0.100,0.100,0.100,0.100,0.900,0.900,0.633,0.633,0
0.260,0.726,0,0.100,0.100,0.100,0.100,0.100,0.100,0.100,0.100,0.100,0.100,0.100,0.100,0.100,0.100,0.100,0.100,0.100,0.100,0.100,0.100,0.100,0.100,0.100,0.100,0.100,0.100,0.100,0.100,0.100,0.500,0.400,0.214,0.500,0.367,0.500,0.100,0.500,0.367,0.300,0.300,0.100,0.000,0.000,0.100,0.100,0.100,0.100,0.100,0.100,0.900,0.500,0.100,0.100,0.100,0.100,0.900,0.900,0.633,0.633,0
0.580,0.689,0,0.233,0.100,0.100,0.100,0.500,0.100,0.500,0.900,0.100,0.100,0.100,0.100,0.100,0.100,0.100,0.100,0.100,0.100,0.100,0.100,0.100,0.100,0.100,0.100,0.100,0.100,0.100,0.100,0.100,0.500,0.300,0.329,0.100,0.367,0.100,0.100,0.500,0.100,0.100,0.300,0.100,0.000,0.000,0.100,0.100,0.100,0.100,0.100,0.100,0.300,0.100,0.100,0.100,0.100,0.100,0.100,0.100,0.100,0.100,0
0.260,0.469,0,0.100,0.100,0.100,0.100,0.100,0.100,0.100,0.100,0.100,0.100,0.100,0.100,0.100,0.100,0.100,0.100,0.100,0.100,0.100,0.100,0.100,0.100,0.100,0.100,0.100,0.100,0.100,0.100,0.100,0.500,0.800,0.214,0.500,0.633,0.500,0.100,0.500,0.367,0.900,0.300,0.100,0.000,0.000,0.100,0.100,0.100,0.100,0.100,0.100,0.900,0.500,0.100,0.100,0.100,0.100,0.900,0.900,0.633,0.633,0
0.580,0.595,0,0.233,0.100,0.100,0.100,0.500,0.100,0.500,0.900,0.100,0.100,0.100,0.100,0.100,0.100,0.100,0.100,0.100,0.100,0.100,0.100,0.100,0.100,0.100,0.100,0.100,0.100,0.100,0.100,0.100,0.500,0.400,0.557,0.100,0.633,0.500,0.100,0.500,0.367,0.100,0.300,0.100,0.000,0.000,0.100,0.100,0.100,0.100,0.100,0.100,0.900,0.500,0.100,0.100,0.100,0.100,0.900,0.900,0.633,0.633,0
0.580,0.616,0,0.233,0.100,0.100,0.100,0.500,0.100,0.500,0.900,0.100,0.100,0.100,0.100,0.100,0.100,0.100,0.100,0.100,0.100,0.100,0.100,0.100,0.100,0.100,0.100,0.100,0.100,0.100,0.100,0.100,0.500,0.600,0.557,0.500,0.633,0.500,0.100,0.500,0.367,0.300,0.900,0.420,0.000,0.000,0.100,0.100,0.500,0.900,0.633,0.900,0.300,0.100,0.100,0.100,0.100,0.100,0.100,0.100,0.100,0.100,0
0.580,0.817,0,0.233,0.100,0.100,0.100,0.500,0.100,0.500,0.900,0.100,0.100,0.100,0.100,0.100,0.100,0.100,0.100,0.100,0.100,0.100,0.100,0.100,0.100,0.100,0.100,0.100,0.100,0.100,0.100,0.100,0.500,0.300,0.329,0.100,0.367,0.100,0.100,0.500,0.100,0.100,0.700,0.740,0.000,0.000,0.500,0.100,0.500,0.500,0.100,0.900,0.300,0.100,0.100,0.100,0.100,0.100,0.100,0.100,0.100,0.100,0
0.580,0.417,0,0.367,0.233,0.100,0.367,0.100,0.500,0.500,0.100,0.500,0.100,0.100,0.100,0.100,0.100,0.100,0.100,0.100,0.100,0.100,0.100,0.100,0.100,0.100,0.100,0.100,0.100,0.100,0.100,0.100,0.100,0.100,0.100,0.100,0.100,0.100,0.100,0.100,0.100,0.100,0.100,0.100,0.000,0.000,0.100,0.100,0.100,0.100,0.100,0.100,0.100,0.100,0.100,0.100,0.100,0.100,0.100,0.100,0.100,0.100,0
0.580,0.772,0,0.233,0.100,0.100,0.100,0.500,0.100,0.500,0.900,0.100,0.100,0.100,0.100,0.100,0.100,0.100,0.100,0.100,0.100,0.100,0.100,0.100,0.100,0.100,0.100,0.100,0.100,0.100,0.100,0.100,0.300,0.500,0.557,0.100,0.100,0.100,0.100,0.500,0.100,0.100,0.300,0.100,0.000,0.000,0.100,0.100,0.100,0.100,0.100,0.100,0.300,0.100,0.100,0.100,0.100,0.100,0.100,0.100,0.100,0.100,0
0.580,0.678,0,0.233,0.100,0.100,0.100,0.500,0.100,0.500,0.900,0.100,0.100,0.100,0.100,0.100,0.100,0.100,0.100,0.100,0.100,0.100,0.100,0.100,0.100,0.100,0.100,0.100,0.100,0.100,0.100,0.100,0.500,0.500,0.329,0.100,0.633,0.900,0.100,0.500,0.367,0.500,0.300,0.100,0.000,0.000,0.100,0.100,0.100,0.100,0.100,0.100,0.900,0.500,0.100,0.100,0.100,0.100,0.900,0.900,0.633,0.633,0
0.580,0.730,0,0.233,0.100,0.100,0.100,0.500,0.100,0.500,0.900,0.100,0.100,0.100,0.100,0.100,0.100,0.100,0.100,0.100,0.100,0.100,0.100,0.100,0.100,0.100,0.100,0.100,0.100,0.100,0.100,0.100,0.500,0.300,0.329,0.100,0.367,0.100,0.100,0.500,0.100,0.100,0.700,0.580,0.000,0.000,0.500,0.100,0.500,0.500,0.100,0.900,0.300,0.100,0.100,0.100,0.100,0.100,0.100,0.100,0.100,0.100,0
0.580,0.730,0,0.233,0.100,0.100,0.100,0.500,0.100,0.500,0.900,0.100,0.100,0.100,0.100,0.100,0.100,0.100,0.100,0.100,0.100,0.100,0.100,0.100,0.100,0.100,0.100,0.100,0.100,0.100,0.100,0.100,0.500,0.400,0.329,0.500,0.633,0.500,0.100,0.500,0.367,0.300,0.900,0.420,0.000,0.000,0.100,0.100,0.500,0.900,0.633,0.900,0.300,0.100,0.100,0.100,0.100,0.100,0.100,0.100,0.100,0.100,0
0.580,0.612,0,0.233,0.100,0.100,0.100,0.500,0.100,0.500,0.900,0.100,0.100,0.100,0.100,0.100,0.100,0.100,0.100,0.100,0.100,0.100,0.100,0.100,0.100,0.100,0.100,0.100,0.100,0.100,0.100,0.100,0.500,0.600,0.557,0.500,0.633,0.500,0.100,0.500,0.367,0.300,0.300,0.100,0.000,0.000,0.100,0.100,0.100,0.100,0.100,0.100,0.900,0.500,0.100,0.100,0.100,0.100,0.900,0.900,0.633,0.633,0
0.580,0.757,0,0.233,0.100,0.100,0.100,0.500,0.100,0.500,0.900,0.100,0.100,0.100,0.100,0.100,0.100,0.100,0.100,0.100,0.100,0.100,0.100,0.100,0.100,0.100,0.100,0.100,0.100,0.100,0.100,0.100,0.300,0.300,0.329,0.100,0.100,0.100,0.100,0.500,0.100,0.100,0.700,0.260,0.000,0.000,0.100,0.900,0.100,0.500,0.900,0.100,0.900,0.500,0.100,0.100,0.100,0.100,0.900,0.900,0.633,0.633,0
0.260,0.336,0,0.367,0.367,0.100,0.100,0.100,0.100,0.500,0.100,0.100,0.260,0.100,0.100,0.100,0.100,0.100,0.100,0.100,0.100,0.100,0.900,0.633,0.100,0.100,0.100,0.100,0.900,0.900,0.633,0.900,0.700,0.200,0.100,0.100,0.100,0.500,0.100,0.500,0.900,0.100,0.100,0.100,0.000,0.000,0.100,0.100,0.100,0.100,0.100,0.100,0.100,0.100,0.100,0.100,0.100,0.100,0.100,0.100,0.100,0.100,0
0.580,0.817,0,0.233,0.100,0.100,0.100,0.500,0.100,0.900,0.633,0.100,0.100,0.100,0.100,0.100,0.100,0.100,0.100,0.100,0.100,0.100,0.100,0.100,0.100,0.100,0.100,0.100,0.100,0.100,0.100,0.100,0.500,0.400,0.329,0.500,0.633,0.500,0.100,0.500,0.367,0.300,0.300,0.100,0.000,0.000,0.100,0.100,0.100,0.100,0.100,0.100,0.900,0.500,0.100,0.100,0.100,0.100,0.900,0.900,0.633,0.633,0
0.260,0.788,0,0.100,0.100,0.100,0.100,0.100,0.100,0.100,0.100,0.100,0.100,0.100,0.100,0.100,0.100,0.100,0.100,0.100,0.100,0.100,0.100,0.100,0.100,0.100,0.100,0.100,0.100,0.100,0.100,0.100,0.500,0.400,0.329,0.500,0.633,0.500,0.100,0.500,0.367,0.300,0.900,0.420,0.000,0.000,0.100,0.100,0.500,0.900,0.633,0.900,0.300,0.100,0.100,0.100,0.100,0.100,0.100,0.100,0.100,0.100,0
0.580,0.672,0,0.233,0.100,0.100,0.100,0.500,0.100,0.500,0.900,0.100,0.100,0.100,0.100,0.100,0.100,0.100,0.100,0.100,0.100,0.100,0.100,0.100,0.100,0.100,0.100,0.100,0.100,0.100,0.100,0.100,0.500,0.400,0.443,0.100,0.633,0.500,0.100,0.500,0.367,0.100,0.300,0.100,0.000,0.000,0.100,0.100,0.100,0.100,0.100,0.100,0.900,0.500,0.100,0.100,0.100,0.100,0.900,0.900,0.633,0.633,0
0.100,0.523,0,0.100,0.100,0.100,0.100,0.100,0.100,0.100,0.100,0.100,0.100,0.100,0.100,0.100,0.100,0.100,0.100,0.100,0.100,0.100,0.100,0.100,0.100,0.100,0.100,0.100,0.100,0.100,0.100,0.100,0.500,0.600,0.329,0.100,0.633,0.500,0.100,0.100,0.367,0.500,0.100,0.100,0.000,0.000,0.100,0.100,0.100,0.100,0.100,0.100,0.100,0.100,0.100,0.100,0.100,0.100,0.100,0.100,0.100,0.100,0
0.420,0.772,0,0.233,0.100,0.100,0.367,0.500,0.100,0.900,0.367,0.100,0.260,0.100,0.100,0.100,0.100,0.100,0.100,0.100,0.100,0.100,0.500,0.900,0.900,0.900,0.900,0.900,0.100,0.500,0.367,0.500,0.300,0.100,0.100,0.100,0.100,0.100,0.100,0.100,0.100,0.100,0.100,0.100,0.000,0.000,0.100,0.100,0.100,0.100,0.100,0.100,0.100,0.100,0.100,0.100,0.100,0.100,0.100,0.100,0.100,0.100,0
0.420,0.798,0,0.633,0.233,0.900,0.633,0.500,0.100,0.500,0.367,0.500,0.580,0.367,0.100,0.100,0.100,0.900,0.100,0.500,0.900,0.100,0.300,0.100,0.100,0.100,0.100,0.100,0.100,0.100,0.100,0.100,0.300,0.100,0.100,0.100,0.100,0.100,0.100,0.100,0.100,0.100,0.100,0.100,0.000,0.000,0.100,0.100,0.100,0.100,0.100,0.100,0.100,0.100,0.100,0.100,0.100,0.100,0.100,0.100,0.100,0.100,0
0.580,0.631,0,0.233,0.100,0.100,0.100,0.500,0.100,0.500,0.900,0.100,0.100,0.100,0.100,0.100,0.100,0.100,0.100,0.100,0.100,0.100,0.100,0.100,0.100,0.100,0.100,0.100,0.100,0.100,0.100,0.100,0.500,0.600,0.671,0.500,0.367,0.500,0.100,0.500,0.367,0.300,0.300,0.100,0.000,0.000,0.100,0.100,0.100,0.100,0.100,0.100,0.900,0.500,0.100,0.100,0.100,0.100,0.900,0.900,0.633,0.633,0
0.420,0.751,0,0.500,0.500,0.100,0.633,0.500,0.100,0.500,0.367,0.100,0.260,0.100,0.100,0.100,0.100,0.100,0.100,0.100,0.100,0.100,0.900,0.633,0.100,0.100,0.100,0.100,0.900,0.900,0.633,0.900,0.300,0.100,0.100,0.100,0.100,0.100,0.100,0.100,0.100,0.100,0.100,0.100,0.000,0.000,0.100,0.100,0.100,0.100,0.100,0.100,0.100,0.100,0.100,0.100,0.100,0.100,0.100,0.100,0.100,0.100,0
0.260,0.647,0,0.100,0.100,0.100,0.100,0.100,0.100,0.100,0.100,0.100,0.100,0.100,0.100,0.100,0.100,0.100,0.100,0.100,0.100,0.100,0.100,0.100,0.100,0.100,0.100,0.100,0.100,0.100,0.100,0.100,0.500,0.700,0.557,0.900,0.900,0.500,0.100,0.500,0.367,0.300,0.900,0.420,0.000,0.000,0.100,0.100,0.500,0.900,0.633,0.900,0.300,0.100,0.100,0.100,0.100,0.100,0.100,0.100,0.100,0.100,0
0.260,0.666,0,0.100,0.100,0.100,0.100,0.100,0.100,0.100,0.100,0.100,0.100,0.100,0.100,0.100,0.100,0.100,0.100,0.100,0.100,0.100,0.100,0.100,0.100,0.100,0.100,0.100,0.100,0.100,0.100,0.100,0.900,0.500,0.329,0.100,0.367,0.100,0.500,0.900,0.633,0.500,0.300,0.100,0.000,0.000,0.100,0.100,0.100,0.100,0.100,0.100,0.900,0.500,0.100,0.100,0.100,0.100,0.900,0.900,0.633,0.633,0
0.420,0.713,0,0.500,0.633,0.100,0.633,0.500,0.100,0.500,0.367,0.100,0.420,0.900,0.900,0.900,0.900,0.900,0.100,0.500,0.367,0.500,0.300,0.100,0.100,0.100,0.100,0.100,0.100,0.100,0.100,0.100,0.300,0.100,0.100,0.100,0.100,0.100,0.100,0.100,0.100,0.100,0.100,0.100,0.000,0.000,0.100,0.100,0.100,0.100,0.100,0.100,0.100,0.100,0.100,0.100,0.100,0.100,0.100,0.100,0.100,0.100,0
0.260,0.653,0,0.100,0.100,0.100,0.100,0.100,0.100,0.100,0.100,0.100,0.100,0.100,0.100,0.100,0.100,0.100,0.100,0.100,0.100,0.100,0.100,0.100,0.100,0.100,0.100,0.100,0.100,0.100,0.100,0.100,0.500,0.500,0.214,0.900,0.633,0.500,0.100,0.500,0.367,0.300,0.300,0.100,0.000,0.000,0.100,0.100,0.100,0.100,0.100,0.100,0.900,0.500,0.100,0.100,0.100,0.100,0.900,0.900,0.633,0.633,0
0.580,0.676,0,0.233,0.100,0.100,0.100,0.500,0.100,0.500,0.900,0.100,0.100,0.100,0.100,0.100,0.100,0.100,0.100,0.100,0.100,0.100,0.100,0.100,0.100,0.100,0.100,0.100,0.100,0.100,0.100,0.100,0.500,0.600,0.900,0.100,0.633,0.500,0.100,0.500,0.367,0.100,0.300,0.100,0.000,0.000,0.100,0.100,0.100,0.100,0.100,0.100,0.900,0.500,0.100,0.100,0.100,0.100,0.900,0.900,0.633,0.633,0
0.100,0.504,0,0.100,0.100,0.100,0.100,0.100,0.100,0.100,0.100,0.100,0.100,0.100,0.100,0.100,0.100,0.100,0.100,0.100,0.100,0.100,0.100,0.100,0.100,0.100,0.100,0.100,0.100,0.100,0.100,0.100,0.500,0.400,0.329,0.100,0.367,0.100,0.100,0.500,0.100,0.500,0.100,0.100,0.000,0.000,0.100,0.100,0.100,0.100,0.100,0.100,0.100,0.100,0.100,0.100,0.100,0.100,0.100,0.100,0.100,0.100,0
0.100,0.647,0,0.100,0.100,0.100,0.100,0.100,0.100,0.100,0.100,0.100,0.100,0.100,0.100,0.100,0.100,0.100,0.100,0.100,0.100,0.100,0.100,0.100,0.100,0.100,0.100,0.100,0.100,0.100,0.100,0.100,0.300,0.700,0.329,0.100,0.367,0.100,0.100,0.500,0.100,0.300,0.100,0.100,0.000,0.000,0.100,0.100,0.100,0.100,0.100,0.100,0.100,0.100,0.100,0.100,0.100,0.100,0.100,0.100,0.100,0.100,0
0.260,0.726,0,0.100,0.100,0.100,0.100,0.100,0.100,0.100,0.100,0.100,0.100,0.100,0.100,0.100,0.100,0.100,0.100,0.100,0.100,0.100,0.100,0.100,0.100,0.100,0.100,0.100,0.100,0.100,0.100,0.100,0.300,0.500,0.557,0.100,0.100,0.100,0.100,0.500,0.100,0.100,0.300,0.100,0.000,0.000,0.100,0.100,0.100,0.100,0.100,0.100,0.900,0.500,0.100,0.100,0.100,0.100,0.900,0.900,0.633,0.633,0
0.580,0.738,0,0.233,0.100,0.100,0.100,0.500,0.100,0.500,0.900,0.100,0.100,0.100,0.100,0.100,0.100,0.100,0.100,0.100,0.100,0.100,0.100,0.100,0.100,0.100,0.100,0.100,0.100,0.100,0.100,0.100,0.100,0.100,0.100,0.100,0.100,0.100,0.100,0.100,0.100,0.100,0.100,0.100,0.000,0.000,0.100,0.100,0.100,0.100,0.100,0.100,0.100,0.100,0.100,0.100,0.100,0.100,0.100,0.100,0.100,0.100,0
0.100,0.606,0,0.100,0.100,0.100,0.100,0.100,0.100,0.100,0.100,0.100,0.100,0.100,0.100,0.100,0.100,0.100,0.100,0.100,0.100,0.100,0.100,0.100,0.100,0.100,0.100,0.100,0.100,0.100,0.100,0.100,0.500,0.600,0.214,0.100,0.633,0.100,0.100,0.500,0.100,0.500,0.100,0.100,0.000,0.000,0.100,0.100,0.100,0.100,0.100,0.100,0.100,0.100,0.100,0.100,0.100,0.100,0.100,0.100,0.100,0.100,0
0.420,0.494,0,0.633,0.500,0.500,0.367,0.100,0.100,0.500,0.100,0.500,0.100,0.100,0.100,0.100,0.100,0.100,0.100,0.100,0.100,0.100,0.100,0.100,0.100,0.100,0.100,0.100,0.100,0.100,0.100,0.100,0.100,0.100,0.100,0.100,0.100,0.100,0.100,0.100,0.100,0.100,0.100,0.100,0.000,0.000,0.100,0.100,0.100,0.100,0.100,0.100,0.100,0.100,0.100,0.100,0.100,0.100,0.100,0.100,0.100,0.100,0
0.260,0.765,0,0.100,0.100,0.100,0.100,0.100,0.100,0.100,0.100,0.100,0.100,0.100,0.100,0.100,0.100,0.100,0.100,0.100,0.100,0.100,0.100,0.100,0.100,0.100,0.100,0.100,0.100,0.100,0.100,0.100,0.500,0.400,0.329,0.500,0.633,0.500,0.100,0.500,0.367,0.300,0.300,0.100,0.000,0.000,0.100,0.100,0.100,0.100,0.100,0.100,0.300,0.100,0.100,0.100,0.100,0.100,0.100,0.100,0.100,0.100,0
0.260,0.100,0,0.100,0.100,0.100,0.100,0.100,0.100,0.100,0.100,0.100,0.100,0.100,0.100,0.100,0.100,0.100,0.100,0.100,0.100,0.100,0.100,0.100,0.100,0.100,0.100,0.100,0.100,0.100,0.100,0.100,0.500,0.300,0.100,0.500,0.367,0.900,0.100,0.500,0.367,0.500,0.300,0.100,0.000,0.000,0.100,0.100,0.100,0.100,0.100,0.100,0.900,0.500,0.100,0.100,0.100,0.100,0.900,0.900,0.633,0.633,0
0.100,0.467,0,0.100,0.100,0.100,0.100,0.100,0.100,0.100,0.100,0.100,0.100,0.100,0.100,0.100,0.100,0.100,0.100,0.100,0.100,0.100,0.100,0.100,0.100,0.100,0.100,0.100,0.100,0.100,0.100,0.100,0.700,0.300,0.214,0.100,0.367,0.100,0.500,0.500,0.100,0.300,0.100,0.100,0.000,0.000,0.100,0.100,0.100,0.100,0.100,0.100,0.100,0.100,0.100,0.100,0.100,0.100,0.100,0.100,0.100,0.100,0
0.420,0.409,0,0.367,0.100,0.100,0.367,0.500,0.100,0.500,0.367,0.100,0.100,0.100,0.100,0.100,0.100,0.100,0.100,0.100,0.100,0.100,0.100,0.100,0.100,0.100,0.100,0.100,0.100,0.100,0.100,0.100,0.100,0.100,0.100,0.100,0.100,0.100,0.100,0.100,0.100,0.100,0.100,0.100,0.000,0.000,0.100,0.100,0.100,0.100,0.100,0.100,0.100,0.100,0.100,0.100,0.100,0.100,0.100,0.100,0.100,0.100,0
0.580,0.765,0,0.233,0.100,0.100,0.100,0.500,0.100,0.500,0.900,0.100,0.100,0.100,0.100,0.100,0.100,0.100,0.100,0.100,0.100,0.100,0.100,0.100,0.100,0.100,0.100,0.100,0.100,0.100,0.100,0.100,0.500,0.500,0.329,0.100,0.633,0.900,0.100,0.500,0.367,0.500,0.300,0.100,0.000,0.000,0.100,0.100,0.100,0.100,0.100,0.100,0.300,0.100,0.100,0.100,0.100,0.100,0.100,0.100,0.100,0.100,0
0.260,0.676,0,0.100,0.100,0.100,0.100,0.100,0.100,0.100,0.100,0.100,0.100,0.100,0.100,0.100,0.100,0.100,0.100,0.100,0.100,0.100,0.100,0.100,0.100,0.100,0.100,0.100,0.100,0.100,0.100,0.100,0.500,0.400,0.329,0.500,0.367,0.500,0.100,0.500,0.367,0.300,0.500,0.420,0.000,0.000,0.500,0.900,0.100,0.500,0.367,0.100,0.900,0.500,0.100,0.100,0.100,0.100,0.900,0.900,0.633,0.633,0
0.260,0.705,0,0.100,0.100,0.100,0.100,0.100,0.100,0.100,0.100,0.100,0.100,0.100,0.100,0.100,0.100,0.100,0.100,0.100,0.100,0.100,0.100,0.100,0.100,0.100,0.100,0.100,0.100,0.100,0.100,0.100,0.500,0.400,0.329,0.500,0.367,0.500,0.100,0.500,0.367,0.300,0.300,0.100,0.000,0.000,0.100,0.100,0.100,0.100,0.100,0.100,0.900,0.500,0.100,0.100,0.100,0.100,0.900,0.900,0.633,0.633,0
0.420,0.550,0,0.500,0.367,0.500,0.633,0.500,0.100,0.500,0.367,0.500,0.260,0.100,0.100,0.100,0.100,0.100,0.100,0.100,0.100,0.100,0.300,0.100,0.100,0.100,0.100,0.100,0.100,0.100,0.100,0.100,0.300,0.100,0.100,0.100,0.100,0.100,0.100,0.100,0.100,0.100,0.100,0.100,0.000,0.000,0.100,0.100,0.100,0.100,0.100,0.100,0.100,0.100,0.100,0.100,0.100,0.100,0.100,0.100,0.100,0.100,0
0.260,0.713,0,0.100,0.100,0.100,0.100,0.100,0.100,0.100,0.100,0.100,0.100,0.100,0.100,0.100,0.100,0.100,0.100,0.100,0.100,0.100,0.100,0.100,0.100,0.100,0.100,0.100,0.100,0.100,0.100,0.100,0.900,0.500,0.329,0.100,0.367,0.100,0.500,0.900,0.633,0.500,0.900,0.420,0.000,0.000,0.100,0.100,0.500,0.900,0.633,0.900,0.300,0.100,0.100,0.100,0.100,0.100,0.100,0.100,0.100,0.100,0
0.260,0.689,0,0.100,0.100,0.100,0.100,0.100,0.100,0.100,0.100,0.100,0.100,0.100,0.100,0.100,0.100,0.100,0.100,0.100,0.100,0.100,0.100,0.100,0.100,0.100,0.100,0.100,0.100,0.100,0.100,0.100,0.500,0.400,0.329,0.500,0.367,0.500,0.100,0.900,0.367,0.300,0.300,0.100,0.000,0.000,0.100,0.100,0.100,0.100,0.100,0.100,0.900,0.500,0.100,0.100,0.100,0.100,0.900,0.900,0.633,0.633,0
0.580,0.608,0,0.233,0.100,0.100,0.100,0.500,0.100,0.500,0.900,0.100,0.100,0.100,0.100,0.100,0.100,0.100,0.100,0.100,0.100,0.100,0.100,0.100,0.100,0.100,0.100,0.100,0.100,0.100,0.100,0.100,0.500,0.500,0.329,0.500,0.633,0.500,0.100,0.500,0.367,0.500,0.300,0.100,0.000,0.000,0.100,0.100,0.100,0.100,0.100,0.100,0.900,0.500,0.100,0.100,0.100,0.100,0.900,0.900,0.633,0.633,0
0.420,0.687,0,0.500,0.633,0.100,0.633,0.500,0.100,0.500,0.367,0.100,0.260,0.100,0.100,0.100,0.100,0.100,0.100,0.100,0.100,0.100,0.900,0.633,0.100,0.100,0.100,0.100,0.900,0.900,0.633,0.900,0.700,0.200,0.100,0.100,0.100,0.500,0.100,0.500,0.900,0.100,0.100,0.100,0.000,0.000,0.100,0.100,0.100,0.100,0.100,0.100,0.100,0.100,0.100,0.100,0.100,0.100,0.100,0.100,0.100,0.100,0
0.580,0.610,0,0.233,0.100,0.100,0.100,0.500,0.100,0.500,0.900,0.100,0.100,0.100,0.100,0.100,0.100,0.100,0.100,0.100,0.100,0.100,0.100,0.100,0.100,0.100,0.100,0.100,0.100,0.100,0.100,0.100,0.500,0.500,0.786,0.100,0.900,0.500,0.100,0.500,0.367,0.100,0.300,0.100,0.000,0.000,0.100,0.100,0.100,0.100,0.100,0.100,0.900,0.500,0.100,0.100,0.100,0.100,0.900,0.900,0.633,0.633,0
0.420,0.564,0,0.367,0.367,0.100,0.367,0.100,0.100,0.500,0.100,0.100,0.420,0.900,0.900,0.900,0.900,0.900,0.100,0.500,0.367,0.500,0.300,0.100,0.100,0.100,0.100,0.100,0.100,0.100,0.100,0.100,0.300,0.100,0.100,0.100,0.100,0.100,0.100,0.100,0.100,0.100,0.100,0.100,0.000,0.000,0.100,0.100,0.100,0.100,0.100,0.100,0.100,0.100,0.100,0.100,0.100,0.100,0.100,0.100,0.100,0.100,0
0.260,0.666,0,0.100,0.100,0.100,0.100,0.100,0.100,0.100,0.100,0.100,0.100,0.100,0.100,0.100,0.100,0.100,0.100,0.100,0.100,0.100,0.100,0.100,0.100,0.100,0.100,0.100,0.100,0.100,0.100,0.100,0.300,0.300,0.329,0.100,0.100,0.100,0.100,0.500,0.100,0.100,0.300,0.100,0.000,0.000,0.100,0.100,0.100,0.100,0.100,0.100,0.900,0.500,0.100,0.100,0.100,0.100,0.900,0.900,0.633,0.633,0
0.260,0.730,0,0.100,0.100,0.100,0.100,0.100,0.100,0.100,0.100,0.100,0.100,0.100,0.100,0.100,0.100,0.100,0.100,0.100,0.100,0.100,0.100,0.100,0.100,0.100,0.100,0.100,0.100,0.100,0.100,0.100,0.500,0.500,0.214,0.900,0.633,0.500,0.100,0.500,0.367,0.300,0.300,0.260,0.000,0.000,0.100,0.100,0.100,0.500,0.100,0.100,0.900,0.500,0.100,0.100,0.100,0.100,0.900,0.900,0.633,0.633,0
0.260,0.788,0,0.233,0.100,0.100,0.100,0.100,0.100,0.500,0.100,0.100,0.260,0.100,0.100,0.100,0.100,0.100,0.100,0.100,0.100,0.100,0.300,0.100,0.100,0.100,0.100,0.100,0.100,0.100,0.100,0.100,0.300,0.100,0.100,0.100,0.100,0.100,0.100,0.100,0.100,0.100,0.100,0.100,0.000,0.000,0.100,0.100,0.100,0.100,0.100,0.100,0.100,0.100,0.100,0.100,0.100,0.100,0.100,0.100,0.100,0.100,0
0.260,0.206,0,0.100,0.100,0.100,0.100,0.100,0.100,0.100,0.100,0.100,0.100,0.100,0.100,0.100,0.100,0.100,0.100,0.100,0.100,0.100,0.100,0.100,0.100,0.100,0.100,0.100,0.100,0.100,0.100,0.100,0.500,0.400,0.100,0.500,0.367,0.500,0.100,0.500,0.367,0.300,0.300,0.100,0.000,0.000,0.100,0.100,0.100,0.100,0.100,0.100,0.900,0.500,0.100,0.100,0.100,0.100,0.900,0.900,0.633,0.633,0
0.420,0.682,0,0.633,0.767,0.100,0.633,0.500,0.100,0.500,0.367,0.100,0.260,0.100,0.100,0.100,0.100,0.100,0.100,0.100,0.100,0.100,0.900,0.633,0.100,0.100,0.100,0.100,0.900,0.900,0.633,0.900,0.300,0.100,0.100,0.100,0.100,0.100,0.100,0.100,0.100,0.100,0.100,0.100,0.000,0.000,0.100,0.100,0.100,0.100,0.100,0.100,0.100,0.100,0.100,0.100,0.100,0.100,0.100,0.100,0.100,0.100,0
0.420,0.523,0,0.767,0.367,0.100,0.367,0.100,0.100,0.500,0.100,0.900,0.260,0.100,0.100,0.100,0.100,0.100,0.100,0.100,0.100,0.100,0.300,0.100,0.100,0.100,0.100,0.100,0.100,0.100,0.100,0.100,0.300,0.100,0.100,0.100,0.100,0.100,0.100,0.100,0.100,0.100,0.100,0.100,0.000,0.000,0.100,0.100,0.100,0.100,0.100,0.100,0.100,0.100,0.100,0.100,0.100,0.100,0.100,0.100,0.100,0.100,0
0.580,0.699,0,0.233,0.100,0.100,0.100,0.500,0.100,0.500,0.900,0.100,0.100,0.100,0.100,0.100,0.100,0.100,0.100,0.100,0.100,0.100,0.100,0.100,0.100,0.100,0.100,0.100,0.100,0.100,0.100,0.100,0.500,0.500,0.671,0.100,0.633,0.500,0.100,0.500,0.367,0.100,0.300,0.100,0.000,0.000,0.100,0.100,0.100,0.100,0.100,0.100,0.900,0.500,0.100,0.100,0.100,0.100,0.900,0.900,0.633,0.633,0
0.100,0.653,0,0.100,0.100,0.100,0.100,0.100,0.100,0.100,0.100,0.100,0.100,0.100,0.100,0.100,0.100,0.100,0.100,0.100,0.100,0.100,0.100,0.100,0.100,0.100,0.100,0.100,0.100,0.100,0.100,0.100,0.500,0.600,0.443,0.100,0.367,0.100,0.100,0.500,0.100,0.500,0.100,0.100,0.000,0.000,0.100,0.100,0.100,0.100,0.100,0.100,0.100,0.100,0.100,0.100,0.100,0.100,0.100,0.100,0.100,0.100,0
0.580,0.699,0,0.233,0.100,0.100,0.100,0.500,0.100,0.500,0.900,0.100,0.100,0.100,0.100,0.100,0.100,0.100,0.100,0.100,0.100,0.100,0.100,0.100,0.100,0.100,0.100,0.100,0.100,0.100,0.100,0.100,0.500,0.600,0.786,0.100,0.633,0.500,0.100,0.500,0.367,0.100,0.300,0.100,0.000,0.000,0.100,0.100,0.100,0.100,0.100,0.100,0.900,0.500,0.100,0.100,0.100,0.100,0.900,0.900,0.633,0.633,0
0.580,0.722,0,0.233,0.100,0.100,0.100,0.500,0.100,0.500,0.900,0.100,0.100,0.100,0.100,0.100,0.100,0.100,0.100,0.100,0.100,0.100,0.100,0.100,0.100,0.100,0.100,0.100,0.100,0.100,0.100,0.100,0.500,0.700,0.557,0.900,0.900,0.500,0.100,0.500,0.367,0.300,0.300,0.100,0.000,0.000,0.100,0.100,0.100,0.100,0.100,0.100,0.900,0.500,0.100,0.100,0.100,0.100,0.900,0.900,0.633,0.633,0
0.260,0.809,0,0.633,0.633,0.100,0.100,0.100,0.100,0.500,0.100,0.100,0.260,0.100,0.100,0.100,0.100,0.100,0.100,0.100,0.100,0.100,0.900,0.633,0.100,0.100,0.100,0.100,0.900,0.900,0.633,0.900,0.300,0.100,0.100,0.100,0.100,0.100,0.100,0.100,0.100,0.100,0.100,0.100,0.000,0.000,0.100,0.100,0.100,0.100,0.100,0.100,0.100,0.100,0.100,0.100,0.100,0.100,0.100,0.100,0.100,0.100,0
0.420,0.827,0,0.633,0.233,0.900,0.633,0.500,0.100,0.500,0.367,0.500,0.740,0.367,0.100,0.100,0.900,0.100,0.900,0.900,0.100,0.100,0.300,0.100,0.100,0.100,0.100,0.100,0.100,0.100,0.100,0.100,0.300,0.100,0.100,0.100,0.100,0.100,0.100,0.100,0.100,0.100,0.100,0.100,0.000,0.000,0.100,0.100,0.100,0.100,0.100,0.100,0.100,0.100,0.100,0.100,0.100,0.100,0.100,0.100,0.100,0.100,0
0.420,0.651,0,0.500,0.233,0.500,0.367,0.500,0.100,0.500,0.367,0.500,0.260,0.100,0.100,0.100,0.100,0.100,0.100,0.100,0.100,0.100,0.900,0.633,0.100,0.100,0.100,0.100,0.900,0.900,0.633,0.900,0.300,0.100,0.100,0.100,0.100,0.100,0.100,0.100,0.100,0.100,0.100,0.100,0.000,0.000,0.100,0.100,0.100,0.100,0.100,0.100,0.100,0.100,0.100,0.100,0.100,0.100,0.100,0.100,0.100,0.100,0
0.580,0.747,0,0.233,0.100,0.100,0.100,0.500,0.100,0.500,0.900,0.100,0.100,0.100,0.100,0.100,0.100,0.100,0.100,0.100,0.100,0.100,0.100,0.100,0.100,0.100,0.100,0.100,0.100,0.100,0.100,0.100,0.500,0.500,0.214,0.900,0.633,0.500,0.100,0.500,0.367,0.300,0.300,0.260,0.000,0.000,0.100,0.100,0.100,0.500,0.100,0.100,0.900,0.500,0.100,0.100,0.100,0.100,0.900,0.900,0.633,0.633,0
0.260,0.827,0,0.367,0.367,0.100,0.100,0.100,0.100,0.500,0.100,0.100,0.260,0.100,0.100,0.100,0.100,0.100,0.100,0.100,0.100,0.100,0.300,0.100,0.100,0.100,0.100,0.100,0.100,0.100,0.100,0.100,0.300,0.100,0.100,0.100,0.100,0.100,0.100,0.100,0.100,0.100,0.100,0.100,0.000,0.000,0.100,0.100,0.100,0.100,0.100,0.100,0.100,0.100,0.100,0.100,0.100,0.100,0.100,0.100,0.100,0.100,0
0.580,0.757,0,0.233,0.100,0.100,0.100,0.500,0.100,0.500,0.900,0.100,0.100,0.100,0.100,0.100,0.100,0.100,0.100,0.100,0.100,0.100,0.100,0.100,0.100,0.100,0.100,0.100,0.100,0.100,0.100,0.100,0.500,0.300,0.329,0.100,0.367,0.100,0.100,0.500,0.100,0.100,0.700,0.740,0.000,0.000,0.500,0.100,0.500,0.500,0.100,0.900,0.300,0.100,0.100,0.100,0.100,0.100,0.100,0.100,0.100,0.100,0
0.420,0.515,0,0.900,0.233,0.100,0.633,0.500,0.100,0.100,0.367,0.500,0.100,0.100,0.100,0.100,0.100,0.100,0.100,0.100,0.100,0.100,0.100,0.100,0.100,0.100,0.100,0.100,0.100,0.100,0.100,0.100,0.100,0.100,0.100,0.100,0.100,0.100,0.100,0.100,0.100,0.100,0.100,0.100,0.000,0.000,0.100,0.100,0.100,0.100,0.100,0.100,0.100,0.100,0.100,0.100,0.100,0.100,0.100,0.100,0.100,0.100,0
0.260,0.842,0,0.367,0.367,0.100,0.100,0.100,0.100,0.500,0.100,0.100,0.260,0.100,0.100,0.100,0.100,0.100,0.100,0.100,0.100,0.100,0.500,0.900,0.900,0.900,0.900,0.900,0.100,0.500,0.367,0.500,0.300,0.100,0.100,0.100,0.100,0.100,0.100,0.100,0.100,0.100,0.100,0.100,0.000,0.000,0.100,0.100,0.100,0.100,0.100,0.100,0.100,0.100,0.100,0.100,0.100,0.100,0.100,0.100,0.100,0.100,0
0.100,0.772,0,0.100,0.100,0.100,0.100,0.100,0.100,0.100,0.100,0.100,0.100,0.100,0.100,0.100,0.100,0.100,0.100,0.100,0.100,0.100,0.100,0.100,0.100,0.100,0.100,0.100,0.100,0.100,0.100,0.100,0.300,0.400,0.443,0.100,0.367,0.100,0.100,0.500,0.100,0.300,0.100,0.100,0.000,0.000,0.100,0.100,0.100,0.100,0.100,0.100,0.100,0.100,0.100,0.100,0.100,0.100,0.100,0.100,0.100,0.100,0
0.580,0.844,0,0.233,0.100,0.100,0.100,0.500,0.100,0.500,0.900,0.100,0.100,0.100,0.100,0.100,0.100,0.100,0.100,0.100,0.100,0.100,0.100,0.100,0.100,0.100,0.100,0.100,0.100,0.100,0.100,0.100,0.300,0.300,0.329,0.100,0.100,0.100,0.100,0.500,0.100,0.100,0.900,0.420,0.000,0.000,0.100,0.100,0.500,0.900,0.633,0.900,0.700,0.300,0.100,0.100,0.100,0.900,0.100,0.500,0.900,0.100,0
0.260,0.409,0,0.100,0.100,0.100,0.100,0.100,0.100,0.100,0.100,0.100,0.100,0.100,0.100,0.100,0.100,0.100,0.100,0.100,0.100,0.100,0.100,0.100,0.100,0.100,0.100,0.100,0.100,0.100,0.100,0.100,0.500,0.500,0.329,0.100,0.633,0.900,0.100,0.500,0.367,0.500,0.300,0.100,0.000,0.000,0.100,0.100,0.100,0.100,0.100,0.100,0.300,0.100,0.100,0.100,0.100,0.100,0.100,0.100,0.100,0.100,0
0.260,0.533,0,0.633,0.633,0.100,0.100,0.100,0.100,0.500,0.100,0.100,0.260,0.100,0.100,0.100,0.100,0.100,0.100,0.100,0.100,0.100,0.900,0.633,0.100,0.100,0.100,0.100,0.900,0.900,0.633,0.900,0.700,0.200,0.100,0.100,0.100,0.500,0.100,0.500,0.900,0.100,0.100,0.100,0.000,0.000,0.100,0.100,0.100,0.100,0.100,0.100,0.100,0.100,0.100,0.100,0.100,0.100,0.100,0.100,0.100,0.100,0
0.580,0.670,0,0.233,0.100,0.100,0.100,0.500,0.100,0.500,0.900,0.100,0.100,0.100,0.100,0.100,0.100,0.100,0.100,0.100,0.100,0.100,0.100,0.100,0.100,0.100,0.100,0.100,0.100,0.100,0.100,0.100,0.500,0.400,0.329,0.500,0.633,0.500,0.100,0.500,0.367,0.300,0.300,0.100,0.000,0.000,0.100,0.100,0.100,0.100,0.100,0.100,0.900,0.500,0.100,0.100,0.100,0.100,0.900,0.900,0.633,0.633,0
0.420,0.396,0,0.767,0.500,0.500,0.633,0.100,0.100,0.500,0.100,0.900,0.100,0.100,0.100,0.100,0.100,0.100,0.100,0.100,0.100,0.100,0.100,0.100,0.100,0.100,0.100,0.100,0.100,0.100,0.100,0.100,0.100,0.100,0.100,0.100,0.100,0.100,0.100,0.100,0.100,0.100,0.100,0.100,0.000,0.000,0.100,0.100,0.100,0.100,0.100,0.100,0.100,0.100,0.100,0.100,0.100,0.100,0.100,0.100,0.100,0.100,0
0.740,0.637,0,0.367,0.100,0.100,0.100,0.100,0.500,0.900,0.633,0.900,0.100,0.100,0.100,0.100,0.100,0.100,0.100,0.100,0.100,0.100,0.100,0.100,0.100,0.100,0.100,0.100,0.100,0.100,0.100,0.100,0.100,0.100,0.100,0.100,0.100,0.100,0.100,0.100,0.100,0.100,0.100,0.100,0.000,0.000,0.100,0.100,0.100,0.100,0.100,0.100,0.100,0.100,0.100,0.100,0.100,0.100,0.100,0.100,0.100,0.100,0
0.580,0.718,0,0.233,0.100,0.100,0.100,0.500,0.100,0.500,0.900,0.100,0.100,0.100,0.100,0.100,0.100,0.100,0.100,0.100,0.100,0.100,0.100,0.100,0.100,0.100,0.100,0.100,0.100,0.100,0.100,0.100,0.500,0.400,0.329,0.500,0.367,0.500,0.100,0.900,0.367,0.300,0.900,0.420,0.000,0.000,0.100,0.100,0.500,0.900,0.633,0.900,0.300,0.100,0.100,0.100,0.100,0.100,0.100,0.100,0.100,0.100,0
0.580,0.757,0,0.233,0.100,0.100,0.100,0.500,0.100,0.500,0.900,0.100,0.100,0.100,0.100,0.100,0.100,0.100,0.100,0.100,0.100,0.100,0.100,0.100,0.100,0.100,0.100,0.100,0.100,0.100,0.100,0.100,0.300,0.300,0.329,0.100,0.100,0.100,0.100,0.500,0.100,0.100,0.300,0.100,0.000,0.000,0.100,0.100,0.100,0.100,0.100,0.100,0.900,0.500,0.100,0.100,0.100,0.100,0.900,0.900,0.633,0.633,0
0.260,0.104,0,0.100,0.100,0.100,0.100,0.100,0.100,0.100,0.100,0.100,0.100,0.100,0.100,0.100,0.100,0.100,0.100,0.100,0.100,0.100,0.100,0.100,0.100,0.100,0.100,0.100,0.100,0.100,0.100,0.100,0.300,0.100,0.100,0.100,0.100,0.100,0.100,0.100,0.100,0.100,0.300,0.100,0.000,0.000,0.100,0.100,0.100,0.100,0.100,0.100,0.300,0.100,0.100,0.100,0.100,0.100,0.100,0.100,0.100,0.100,0
0.260,0.450,0,0.900,0.900,0.100,0.367,0.100,0.100,0.500,0.100,0.100,0.260,0.100,0.100,0.100,0.100,0.100,0.100,0.100,0.100,0.100,0.300,0.100,0.100,0.100,0.100,0.100,0.100,0.100,0.100,0.100,0.300,0.100,0.100,0.100,0.100,0.100,0.100,0.100,0.100,0.100,0.100,0.100,0.000,0.000,0.100,0.100,0.100,0.100,0.100,0.100,0.100,0.100,0.100,0.100,0.100,0.100,0.100,0.100,0.100,0.100,0
0.580,0.614,0,0.233,0.100,0.100,0.100,0.500,0.100,0.500,0.900,0.100,0.100,0.100,0.100,0.100,0.100,0.100,0.100,0.100,0.100,0.100,0.100,0.100,0.100,0.100,0.100,0.100,0.100,0.100,0.100,0.100,0.500,0.500,0.214,0.100,0.633,0.500,0.100,0.100,0.367,0.300,0.100,0.100,0.000,0.000,0.100,0.100,0.100,0.100,0.100,0.100,0.100,0.100,0.100,0.100,0.100,0.100,0.100,0.100,0.100,0.100,0
0.900,0.595,0,0.367,0.100,0.100,0.100,0.100,0.900,0.100,0.900,0.500,0.100,0.100,0.100,0.100,0.100,0.100,0.100,0.100,0.100,0.100,0.100,0.100,0.100,0.100,0.100,0.100,0.100,0.100,0.100,0.100,0.100,0.100,0.100,0.100,0.100,0.100,0.100,0.100,0.100,0.100,0.100,0.100,0.000,0.000,0.100,0.100,0.100,0.100,0.100,0.100,0.100,0.100,0.100,0.100,0.100,0.100,0.100,0.100,0.100,0.100,0
0.260,0.606,0,0.100,0.100,0.100,0.100,0.100,0.100,0.100,0.100,0.100,0.100,0.100,0.100,0.100,0.100,0.100,0.100,0.100,0.100,0.100,0.100,0.100,0.100,0.100,0.100,0.100,0.100,0.100,0.100,0.100,0.300,0.500,0.786,0.100,0.100,0.100,0.100,0.500,0.100,0.100,0.300,0.100,0.000,0.000,0.100,0.100,0.100,0.100,0.100,0.100,0.900,0.500,0.100,0.100,0.100,0.100,0.900,0.900,0.633,0.633,0
0.260,0.867,0,0.633,0.633,0.100,0.100,0.100,0.100,0.500,0.100,0.100,0.260,0.100,0.100,0.100,0.100,0.100,0.100,0.100,0.100,0.100,0.500,0.900,0.900,0.900,0.900,0.900,0.100,0.500,0.367,0.500,0.300,0.100,0.100,0.100,0.100,0.100,0.100,0.100,0.100,0.100,0.100,0.100,0.000,0.000,0.100,0.100,0.100,0.100,0.100,0.100,0.100,0.100,0.100,0.100,0.100,0.100,0.100,0.100,0.100,0.100,0
0.260,0.798,0,0.100,0.100,0.100,0.100,0.100,0.100,0.100,0.100,0.100,0.100,0.100,0.100,0.100,0.100,0.100,0.100,0.100,0.100,0.100,0.100,0.100,0.100,0.100,0.100,0.100,0.100,0.100,0.100,0.100,0.300,0.200,0.100,0.100,0.100,0.100,0.100,0.500,0.100,0.100,0.300,0.100,0.000,0.000,0.100,0.100,0.100,0.100,0.100,0.100,0.300,0.100,0.100,0.100,0.100,0.100,0.100,0.100,0.100,0.100,0
0.420,0.564,0,0.500,0.367,0.500,0.633,0.500,0.100,0.500,0.367,0.500,0.260,0.100,0.100,0.100,0.100,0.100,0.100,0.100,0.100,0.100,0.900,0.633,0.100,0.100,0.100,0.100,0.900,0.900,0.633,0.900,0.300,0.100,0.100,0.100,0.100,0.100,0.100,0.100,0.100,0.100,0.100,0.100,0.000,0.000,0.100,0.100,0.100,0.100,0.100,0.100,0.100,0.100,0.100,0.100,0.100,0.100,0.100,0.100,0.100,0.100,0
0.420,0.396,0,0.500,0.233,0.500,0.367,0.500,0.100,0.500,0.367,0.500,0.100,0.100,0.100,0.100,0.100,0.100,0.100,0.100,0.100,0.100,0.100,0.100,0.100,0.100,0.100,0.100,0.100,0.100,0.100,0.100,0.300,0.500,0.557,0.100,0.367,0.100,0.100,0.500,0.100,0.100,0.300,0.100,0.000,0.000,0.100,0.100,0.100,0.100,0.100,0.100,0.300,0.100,0.100,0.100,0.100,0.100,0.100,0.100,0.100,0.100,0
0.580,0.450,0,0.233,0.100,0.100,0.100,0.500,0.100,0.500,0.900,0.100,0.100,0.100,0.100,0.100,0.100,0.100,0.100,0.100,0.100,0.100,0.100,0.100,0.100,0.100,0.100,0.100,0.100,0.100,0.100,0.100,0.500,0.700,0.329,0.100,0.367,0.500,0.100,0.500,0.367,0.300,0.300,0.100,0.000,0.000,0.100,0.100,0.100,0.100,0.100,0.100,0.900,0.500,0.100,0.100,0.100,0.100,0.900,0.900,0.633,0.633,0
0.580,0.751,0,0.233,0.100,0.100,0.100,0.500,0.100,0.500,0.900,0.100,0.100,0.100,0.100,0.100,0.100,0.100,0.100,0.100,0.100,0.100,0.100,0.100,0.100,0.100,0.100,0.100,0.100,0.100,0.100,0.100,0.500,0.600,0.443,0.500,0.900,0.500,0.100,0.500,0.367,0.300,0.300,0.260,0.000,0.000,0.100,0.100,0.100,0.500,0.100,0.100,0.900,0.500,0.100,0.100,0.100,0.100,0.900,0.900,0.633,0.633,0
0.420,0.498,0,0.367,0.100,0.500,0.367,0.900,0.100,0.500,0.367,0.900,0.740,0.633,0.100,0.100,0.100,0.100,0.500,0.900,0.633,0.900,0.300,0.100,0.100,0.100,0.100,0.100,0.100,0.100,0.100,0.100,0.300,0.100,0.100,0.100,0.100,0.100,0.100,0.100,0.100,0.100,0.100,0.100,0.000,0.000,0.100,0.100,0.100,0.100,0.100,0.100,0.100,0.100,0.100,0.100,0.100,0.100,0.100,0.100,0.100,0.100,0
0.260,0.423,0,0.100,0.100,0.100,0.100,0.100,0.100,0.100,0.100,0.100,0.100,0.100,0.100,0.100,0.100,0.100,0.100,0.100,0.100,0.100,0.100,0.100,0.100,0.100,0.100,0.100,0.100,0.100,0.100,0.100,0.500,0.900,0.214,0.500,0.367,0.500,0.100,0.500,0.367,0.300,0.300,0.100,0.000,0.000,0.100,0.100,0.100,0.100,0.100,0.100,0.900,0.500,0.100,0.100,0.100,0.100,0.900,0.900,0.633,0.633,0
0.420,0.792,0,0.633,0.233,0.900,0.633,0.500,0.100,0.500,0.367,0.500,0.420,0.633,0.100,0.100,0.900,0.900,0.100,0.500,0.367,0.100,0.300,0.100,0.100,0.100,0.100,0.100,0.100,0.100,0.100,0.100,0.300,0.100,0.100,0.100,0.100,0.100,0.100,0.100,0.100,0.100,0.100,0.100,0.000,0.000,0.100,0.100,0.100,0.100,0.100,0.100,0.100,0.100,0.100,0.100,0.100,0.100,0.100,0.100,0.100,0.100,0
0.580,0.641,0,0.233,0.100,0.100,0.100,0.500,0.100,0.500,0.900,0.100,0.100,0.100,0.100,0.100,0.100,0.100,0.100,0.100,0.100,0.100,0.100,0.100,0.100,0.100,0.100,0.100,0.100,0.100,0.100,0.100,0.500,0.600,0.214,0.100,0.633,0.500,0.100,0.100,0.367,0.500,0.100,0.100,0.000,0.000,0.100,0.100,0.100,0.100,0.100,0.100,0.100,0.100,0.100,0.100,0.100,0.100,0.100,0.100,0.100,0.100,0
0.420,0.637,0,0.500,0.500,0.100,0.633,0.500,0.100,0.500,0.367,0.100,0.260,0.100,0.100,0.100,0.100,0.100,0.100,0.100,0.100,0.100,0.900,0.633,0.100,0.100,0.100,0.100,0.900,0.900,0.633,0.900,0.700,0.200,0.100,0.100,0.100,0.500,0.100,0.500,0.900,0.100,0.100,0.100,0.000,0.000,0.100,0.100,0.100,0.100,0.100,0.100,0.100,0.100,0.100,0.100,0.100,0.100,0.100,0.100,0.100,0.100,0
0.420,0.815,0,0.500,0.500,0.100,0.633,0.500,0.100,0.500,0.367,0.100,0.260,0.100,0.100,0.100,0.100,0.100,0.100,0.100,0.100,0.100,0.500,0.900,0.900,0.900,0.900,0.900,0.100,0.500,0.367,0.500,0.300,0.100,0.100,0.100,0.100,0.100,0.100,0.100,0.100,0.100,0.100,0.100,0.000,0.000,0.100,0.100,0.100,0.100,0.100,0.100,0.100,0.100,0.100,0.100,0.100,0.100,0.100,0.100,0.100,0.100,0
0.580,0.680,0,0.233,0.100,0.100,0.100,0.500,0.100,0.500,0.900,0.100,0.100,0.100,0.100,0.100,0.100,0.100,0.100,0.100,0.100,0.100,0.100,0.100,0.100,0.100,0.100,0.100,0.100,0.100,0.100,0.100,0.500,0.300,0.329,0.100,0.367,0.100,0.100,0.500,0.100,0.100,0.300,0.100,0.000,0.000,0.100,0.100,0.100,0.100,0.100,0.100,0.900,0.900,0.100,0.100,0.900,0.100,0.900,0.900,0.633,0.900,0
0.260,0.873,0,0.633,0.633,0.100,0.100,0.100,0.100,0.500,0.100,0.100,0.420,0.900,0.900,0.900,0.900,0.900,0.100,0.500,0.367,0.500,0.300,0.100,0.100,0.100,0.100,0.100,0.100,0.100,0.100,0.100,0.300,0.100,0.100,0.100,0.100,0.100,0.100,0.100,0.100,0.100,0.100,0.100,0.000,0.000,0.100,0.100,0.100,0.100,0.100,0.100,0.100,0.100,0.100,0.100,0.100,0.100,0.100,0.100,0.100,0.100,0
0.260,0.861,0,0.633,0.633,0.100,0.100,0.100,0.100,0.500,0.100,0.100,0.260,0.100,0.100,0.100,0.100,0.100,0.100,0.100,0.100,0.100,0.300,0.100,0.100,0.100,0.100,0.100,0.100,0.100,0.100,0.100,0.300,0.100,0.100,0.100,0.100,0.100,0.100,0.100,0.100,0.100,0.100,0.100,0.000,0.000,0.100,0.100,0.100,0.100,0.100,0.100,0.100,0.100,0.100,0.100,0.100,0.100,0.100,0.100,0.100,0.100,0
0.260,0.747,0,0.100,0.100,0.100,0.100,0.100,0.100,0.100,0.100,0.100,0.100,0.100,0.100,0.100,0.100,0.100,0.100,0.100,0.100,0.100,0.100,0.100,0.100,0.100,0.100,0.100,0.100,0.100,0.100,0.100,0.500,0.400,0.443,0.100,0.633,0.500,0.100,0.500,0.367,0.100,0.300,0.100,0.000,0.000,0.100,0.100,0.100,0.100,0.100,0.100,0.900,0.500,0.100,0.100,0.100,0.100,0.900,0.900,0.633,0.633,0
